basin_id,kge,violation_burden,dominant_class,violation_counts,n_evaluable,aridity_class,landcover_class
01013500,0.8048343742968241,0.08495119895010386,TimingFailure,"{'R0': 0, 'R1': 14, 'R2': 0, 'R3': 322, 'R4': 8, 'R5': 0, 'R6': 0}","{'R0': 5479, 'R1': 5479, 'R2': 5479, 'R3': 5479, 'R4': 15, 'R5': 15, 'R6': 15}",,
01022500,0.7557485144156364,0.07733076074014202,TimingFailure,"{'R0': 51, 'R1': 224, 'R2': 11, 'R3': 123, 'R4': 7, 'R5': 0, 'R6': 0}","{'R0': 5479, 'R1': 5479, 'R2': 5479, 'R3': 5479, 'R4': 15, 'R5': 15, 'R6': 15}",,
01030500,0.827096672840289,0.10877549778809133,TimingFailure,"{'R0': 0, 'R1': 150, 'R2': 0, 'R3': 1465, 'R4': 7, 'R5': 0, 'R6': 0}","{'R0': 5479, 'R1': 5479, 'R2': 5479, 'R3': 5479, 'R4': 15, 'R5': 15, 'R6': 15}",,
01031500,0.8483195942719399,0.10498266106953823,TimingFailure,"{'R0': 4, 'R1': 61, 'R2': 0, 'R3': 674, 'R4': 9, 'R5': 0, 'R6': 0}","{'R0': 5479, 'R1': 5479, 'R2': 5479, 'R3': 5479, 'R4': 15, 'R5': 15, 'R6': 15}",,
01047000,0.8808023812804314,0.07289825220104469,TimingFailure,"{'R0': 3, 'R1': 19, 'R2': 0, 'R3': 217, 'R4': 7, 'R5': 0, 'R6': 0}","{'R0': 5479, 'R1': 5479, 'R2': 5479, 'R3': 5479, 'R4': 15, 'R5': 15, 'R6': 15}",,
01052500,0.8241719680959019,0.07905161699649745,TimingFailure,"{'R0': 0, 'R1': 18, 'R2': 0, 'R3': 457, 'R4': 7, 'R5': 0, 'R6': 0}","{'R0': 5479, 'R1': 5479, 'R2': 5479, 'R3': 5479, 'R4': 15, 'R5': 15, 'R6': 15}",,
01054200,0.7207483744285856,0.094181246143283,TimingFailure,"{'R0': 0, 'R1': 29, 'R2': 0, 'R3': 661, 'R4': 8, 'R5': 0, 'R6': 0}","{'R0': 5479, 'R1': 5479, 'R2': 5479, 'R3': 5479, 'R4': 15, 'R5': 15, 'R6': 15}",,
01055000,0.6492862159904357,0.09244126926185696,TimingFailure,"{'R0': 0, 'R1': 37, 'R2': 0, 'R3': 221, 'R4': 9, 'R5': 0, 'R6': 0}","{'R0': 5479, 'R1': 5479, 'R2': 5479, 'R3': 5479, 'R4': 15, 'R5': 15, 'R6': 15}",,
01057000,0.8428019327729449,0.06433221216940874,TimingFailure,"{'R0': 0, 'R1': 52, 'R2': 0, 'R3': 589, 'R4': 5, 'R5': 0, 'R6': 0}","{'R0': 5479, 'R1': 5479, 'R2': 5479, 'R3': 5479, 'R4': 15, 'R5': 15, 'R6': 15}",,
01073000,0.8737381456551775,0.05670482100487576,TimingFailure,"{'R0': 14, 'R1': 96, 'R2': 0, 'R3': 969, 'R4': 3, 'R5': 0, 'R6': 0}","{'R0': 5479, 'R1': 5479, 'R2': 5479, 'R3': 5479, 'R4': 15, 'R5': 15, 'R6': 15}",,
01078000,0.8453896138270862,0.0761053024969798,TimingFailure,"{'R0': 0, 'R1': 15, 'R2': 0, 'R3': 347, 'R4': 7, 'R5': 0, 'R6': 0}","{'R0': 5479, 'R1': 5479, 'R2': 5479, 'R3': 5479, 'R4': 15, 'R5': 15, 'R6': 15}",,
01118300,0.7904506156544738,0.07094794844384186,TimingFailure,"{'R0': 0, 'R1': 251, 'R2': 0, 'R3': 1009, 'R4': 4, 'R5': 0, 'R6': 0}","{'R0': 5479, 'R1': 5479, 'R2': 5479, 'R3': 5479, 'R4': 15, 'R5': 15, 'R6': 15}",,
01121000,0.7213065460393704,0.03834206798251332,TimingFailure,"{'R0': 13, 'R1': 211, 'R2': 0, 'R3': 516, 'R4': 2, 'R5': 0, 'R6': 0}","{'R0': 5479, 'R1': 5479, 'R2': 5479, 'R3': 5479, 'R4': 15, 'R5': 15, 'R6': 15}",,
01123000,0.7764911721362566,0.038401168096367955,TimingFailure,"{'R0': 17, 'R1': 172, 'R2': 22, 'R3': 166, 'R4': 3, 'R5': 0, 'R6': 0}","{'R0': 5479, 'R1': 5479, 'R2': 5479, 'R3': 5479, 'R4': 15, 'R5': 15, 'R6': 15}",,
01134500,0.8287639821741156,0.04589123840812105,TimingFailure,"{'R0': 0, 'R1': 21, 'R2': 0, 'R3': 278, 'R4': 4, 'R5': 0, 'R6': 0}","{'R0': 5479, 'R1': 5479, 'R2': 5479, 'R3': 5479, 'R4': 15, 'R5': 15, 'R6': 15}",,
01137500,0.7710933200663671,0.06053242249628452,TimingFailure,"{'R0': 0, 'R1': 5, 'R2': 0, 'R3': 125, 'R4': 6, 'R5': 0, 'R6': 0}","{'R0': 5479, 'R1': 5479, 'R2': 5479, 'R3': 5479, 'R4': 15, 'R5': 15, 'R6': 15}",,
01139000,0.8379034578829502,0.07036911497579502,TimingFailure,"{'R0': 0, 'R1': 8, 'R2': 0, 'R3': 134, 'R4': 7, 'R5': 0, 'R6': 0}","{'R0': 5479, 'R1': 5479, 'R2': 5479, 'R3': 5479, 'R4': 15, 'R5': 15, 'R6': 15}",,
01139800,0.7962324841662082,0.11665145707854231,TimingFailure,"{'R0': 0, 'R1': 39, 'R2': 0, 'R3': 417, 'R4': 11, 'R5': 0, 'R6': 0}","{'R0': 5479, 'R1': 5479, 'R2': 5479, 'R3': 5479, 'R4': 15, 'R5': 15, 'R6': 15}",,
01142500,0.8017910117337603,0.07096185435298412,TimingFailure,"{'R0': 0, 'R1': 16, 'R2': 0, 'R3': 514, 'R4': 6, 'R5': 0, 'R6': 0}","{'R0': 5479, 'R1': 5479, 'R2': 5479, 'R3': 5479, 'R4': 15, 'R5': 15, 'R6': 15}",,
01144000,0.8799438188889427,0.07107310162612225,TimingFailure,"{'R0': 0, 'R1': 2, 'R2': 0, 'R3': 167, 'R4': 7, 'R5': 0, 'R6': 0}","{'R0': 5479, 'R1': 5479, 'R2': 5479, 'R3': 5479, 'R4': 15, 'R5': 15, 'R6': 15}",,
01162500,0.6811174396035784,0.08387522923022102,TimingFailure,"{'R0': 0, 'R1': 63, 'R2': 0, 'R3': 597, 'R4': 7, 'R5': 0, 'R6': 0}","{'R0': 5479, 'R1': 5479, 'R2': 5479, 'R3': 5479, 'R4': 15, 'R5': 15, 'R6': 15}",,
01169000,0.737629831563167,0.05171259962280221,TimingFailure,"{'R0': 0, 'R1': 10, 'R2': 0, 'R3': 147, 'R4': 5, 'R5': 0, 'R6': 0}","{'R0': 5479, 'R1': 5479, 'R2': 5479, 'R3': 5479, 'R4': 15, 'R5': 15, 'R6': 15}",,
01170100,0.7960638081120183,0.06327014835866816,TimingFailure,"{'R0': 0, 'R1': 13, 'R2': 0, 'R3': 222, 'R4': 6, 'R5': 0, 'R6': 0}","{'R0': 5479, 'R1': 5479, 'R2': 5479, 'R3': 5479, 'R4': 15, 'R5': 15, 'R6': 15}",,
01181000,0.7020629478202891,0.05750093430327049,TimingFailure,"{'R0': 0, 'R1': 8, 'R2': 0, 'R3': 371, 'R4': 5, 'R5': 0, 'R6': 0}","{'R0': 5479, 'R1': 5479, 'R2': 5479, 'R3': 5479, 'R4': 15, 'R5': 15, 'R6': 15}",,
01187300,0.6552246272946438,0.11849572827853536,TimingFailure,"{'R0': 23, 'R1': 142, 'R2': 0, 'R3': 727, 'R4': 10, 'R5': 0, 'R6': 0}","{'R0': 5479, 'R1': 5479, 'R2': 5479, 'R3': 5479, 'R4': 15, 'R5': 15, 'R6': 15}",,
01195100,0.7407882787005902,0.10578176853174896,MagnitudeFailure,"{'R0': 5, 'R1': 743, 'R2': 1, 'R3': 1838, 'R4': 4, 'R5': 0, 'R6': 0}","{'R0': 5479, 'R1': 5460, 'R2': 5479, 'R3': 5460, 'R4': 15, 'R5': 15, 'R6': 15}",,
01333000,0.6737696826117411,0.0910332959612025,TimingFailure,"{'R0': 0, 'R1': 9, 'R2': 0, 'R3': 195, 'R4': 9, 'R5': 0, 'R6': 0}","{'R0': 5479, 'R1': 5479, 'R2': 5479, 'R3': 5479, 'R4': 15, 'R5': 15, 'R6': 15}",,
01350000,0.6940161270614479,0.08817041691653847,TimingFailure,"{'R0': 0, 'R1': 43, 'R2': 0, 'R3': 1147, 'R4': 6, 'R5': 0, 'R6': 0}","{'R0': 5479, 'R1': 5479, 'R2': 5479, 'R3': 5479, 'R4': 15, 'R5': 15, 'R6': 15}",,
01350080,0.7902185693343303,0.0889786978854327,TimingFailure,"{'R0': 0, 'R1': 92, 'R2': 0, 'R3': 1129, 'R4': 6, 'R5': 0, 'R6': 0}","{'R0': 5479, 'R1': 5479, 'R2': 5479, 'R3': 5479, 'R4': 15, 'R5': 15, 'R6': 15}",,
01350140,0.7153063924345298,0.09504688898738908,TimingFailure,"{'R0': 0, 'R1': 374, 'R2': 0, 'R3': 1445, 'R4': 5, 'R5': 0, 'R6': 0}","{'R0': 5479, 'R1': 5479, 'R2': 5479, 'R3': 5479, 'R4': 15, 'R5': 15, 'R6': 15}",,
01365000,0.8175545432291791,0.07594886101912932,TimingFailure,"{'R0': 0, 'R1': 31, 'R2': 0, 'R3': 325, 'R4': 7, 'R5': 0, 'R6': 0}","{'R0': 5479, 'R1': 5479, 'R2': 5479, 'R3': 5479, 'R4': 15, 'R5': 15, 'R6': 15}",,
01411300,0.7443250826787019,0.0912418845983365,TimingFailure,"{'R0': 0, 'R1': 12, 'R2': 0, 'R3': 200, 'R4': 9, 'R5': 0, 'R6': 0}","{'R0': 5479, 'R1': 5479, 'R2': 5479, 'R3': 5479, 'R4': 15, 'R5': 15, 'R6': 15}",,
01413500,0.7992409392740839,0.06284601812982904,TimingFailure,"{'R0': 0, 'R1': 16, 'R2': 0, 'R3': 568, 'R4': 5, 'R5': 0, 'R6': 0}","{'R0': 5479, 'R1': 5479, 'R2': 5479, 'R3': 5479, 'R4': 15, 'R5': 15, 'R6': 15}",,
01414500,0.7421499108743178,0.10088910906578363,TimingFailure,"{'R0': 0, 'R1': 22, 'R2': 0, 'R3': 560, 'R4': 9, 'R5': 0, 'R6': 0}","{'R0': 5479, 'R1': 5479, 'R2': 5479, 'R3': 5479, 'R4': 15, 'R5': 15, 'R6': 15}",,
01415000,0.8420837605757804,0.05242875394362893,TimingFailure,"{'R0': 0, 'R1': 36, 'R2': 0, 'R3': 879, 'R4': 3, 'R5': 0, 'R6': 0}","{'R0': 5479, 'R1': 5479, 'R2': 5479, 'R3': 5479, 'R4': 15, 'R5': 15, 'R6': 15}",,
01423000,0.9021998799742932,0.031067539262465343,TimingFailure,"{'R0': 0, 'R1': 21, 'R2': 0, 'R3': 440, 'R4': 2, 'R5': 0, 'R6': 0}","{'R0': 5479, 'R1': 5479, 'R2': 5479, 'R3': 5479, 'R4': 15, 'R5': 15, 'R6': 15}",,
01434025,0.7238511317622148,0.08395344996914626,TimingFailure,"{'R0': 0, 'R1': 25, 'R2': 0, 'R3': 638, 'R4': 7, 'R5': 0, 'R6': 0}","{'R0': 5479, 'R1': 5479, 'R2': 5479, 'R3': 5479, 'R4': 15, 'R5': 15, 'R6': 15}",,
01435000,0.6794788809779206,0.07960611512354532,TimingFailure,"{'R0': 0, 'R1': 14, 'R2': 0, 'R3': 117, 'R4': 8, 'R5': 0, 'R6': 0}","{'R0': 5479, 'R1': 5479, 'R2': 5479, 'R3': 5479, 'R4': 15, 'R5': 15, 'R6': 15}",,
01439500,0.8509988160286208,0.032319071085269296,TimingFailure,"{'R0': 31, 'R1': 88, 'R2': 1, 'R3': 389, 'R4': 2, 'R5': 0, 'R6': 0}","{'R0': 5479, 'R1': 5479, 'R2': 5479, 'R3': 5479, 'R4': 15, 'R5': 15, 'R6': 15}",,
01440000,0.7085391377769032,0.03243031835840743,TimingFailure,"{'R0': 6, 'R1': 54, 'R2': 2, 'R3': 86, 'R4': 3, 'R5': 0, 'R6': 0}","{'R0': 5479, 'R1': 5479, 'R2': 5479, 'R3': 5479, 'R4': 15, 'R5': 15, 'R6': 15}",,
01440400,0.853028513572879,0.04474400090388409,TimingFailure,"{'R0': 0, 'R1': 11, 'R2': 0, 'R3': 244, 'R4': 4, 'R5': 0, 'R6': 0}","{'R0': 5479, 'R1': 5479, 'R2': 5479, 'R3': 5479, 'R4': 15, 'R5': 15, 'R6': 15}",,
01451800,0.7954208701093144,0.06305460676696303,TimingFailure,"{'R0': 20, 'R1': 70, 'R2': 0, 'R3': 502, 'R4': 5, 'R5': 0, 'R6': 0}","{'R0': 5479, 'R1': 5479, 'R2': 5479, 'R3': 5479, 'R4': 15, 'R5': 15, 'R6': 15}",,
01466500,0.5009063150583739,0.06619038927854405,TimingFailure,"{'R0': 0, 'R1': 20, 'R2': 0, 'R3': 327, 'R4': 6, 'R5': 0, 'R6': 0}","{'R0': 5479, 'R1': 5479, 'R2': 5479, 'R3': 5479, 'R4': 15, 'R5': 15, 'R6': 15}",,
01484100,0.6432434325839465,0.07721951346700388,TimingFailure,"{'R0': 79, 'R1': 239, 'R2': 64, 'R3': 388, 'R4': 6, 'R5': 0, 'R6': 0}","{'R0': 5479, 'R1': 5479, 'R2': 5479, 'R3': 5479, 'R4': 15, 'R5': 15, 'R6': 15}",,
01485500,0.7344945191081619,0.11932834458842854,TimingFailure,"{'R0': 305, 'R1': 534, 'R2': 9, 'R3': 1537, 'R4': 6, 'R5': 0, 'R6': 0}","{'R0': 5479, 'R1': 5479, 'R2': 5479, 'R3': 5479, 'R4': 15, 'R5': 15, 'R6': 15}",,
01486000,0.7093255191365604,0.1224710800545807,TimingFailure,"{'R0': 172, 'R1': 522, 'R2': 45, 'R3': 1036, 'R4': 8, 'R5': 0, 'R6': 0}","{'R0': 5479, 'R1': 5479, 'R2': 5479, 'R3': 5479, 'R4': 15, 'R5': 15, 'R6': 15}",,
01487000,0.7648638395140391,0.039920388670160525,TimingFailure,"{'R0': 0, 'R1': 13, 'R2': 0, 'R3': 57, 'R4': 4, 'R5': 0, 'R6': 0}","{'R0': 5479, 'R1': 5479, 'R2': 5479, 'R3': 5479, 'R4': 15, 'R5': 15, 'R6': 15}",,
01491000,0.5610705022735257,0.05092343927897861,TimingFailure,"{'R0': 0, 'R1': 44, 'R2': 0, 'R3': 448, 'R4': 4, 'R5': 0, 'R6': 0}","{'R0': 5479, 'R1': 5479, 'R2': 5479, 'R3': 5479, 'R4': 15, 'R5': 15, 'R6': 15}",,
01510000,0.8570920791086583,0.04954153955796591,TimingFailure,"{'R0': 12, 'R1': 58, 'R2': 0, 'R3': 369, 'R4': 4, 'R5': 0, 'R6': 0}","{'R0': 5479, 'R1': 5479, 'R2': 5479, 'R3': 5479, 'R4': 15, 'R5': 15, 'R6': 15}",,
01516500,0.7045908972195093,0.0948574209753257,MagnitudeFailure,"{'R0': 81, 'R1': 371, 'R2': 0, 'R3': 1725, 'R4': 4, 'R5': 0, 'R6': 0}","{'R0': 5479, 'R1': 5479, 'R2': 5479, 'R3': 5479, 'R4': 15, 'R5': 15, 'R6': 15}",,
01518862,0.7377004270837404,0.08236817632692792,MagnitudeFailure,"{'R0': 0, 'R1': 198, 'R2': 0, 'R3': 1500, 'R4': 4, 'R5': 0, 'R6': 0}","{'R0': 5479, 'R1': 5479, 'R2': 5479, 'R3': 5479, 'R4': 15, 'R5': 15, 'R6': 15}",,
01532000,0.6981453389210416,0.07504845340216758,TimingFailure,"{'R0': 61, 'R1': 139, 'R2': 0, 'R3': 852, 'R4': 5, 'R5': 0, 'R6': 0}","{'R0': 5479, 'R1': 5479, 'R2': 5479, 'R3': 5479, 'R4': 15, 'R5': 15, 'R6': 15}",,
01539000,0.8347709515526613,0.04919563006805205,TimingFailure,"{'R0': 147, 'R1': 266, 'R2': 8, 'R3': 370, 'R4': 3, 'R5': 0, 'R6': 0}","{'R0': 5479, 'R1': 5479, 'R2': 5479, 'R3': 5479, 'R4': 15, 'R5': 15, 'R6': 15}",,
01542810,0.7262075677073623,0.10446640419263162,TimingFailure,"{'R0': 0, 'R1': 140, 'R2': 0, 'R3': 1675, 'R4': 6, 'R5': 0, 'R6': 0}","{'R0': 5479, 'R1': 5479, 'R2': 5479, 'R3': 5479, 'R4': 15, 'R5': 15, 'R6': 15}",,
01543000,0.8241859164551466,0.058589071693652815,TimingFailure,"{'R0': 0, 'R1': 20, 'R2': 0, 'R3': 766, 'R4': 4, 'R5': 0, 'R6': 0}","{'R0': 5479, 'R1': 5479, 'R2': 5479, 'R3': 5479, 'R4': 15, 'R5': 15, 'R6': 15}",,
01543500,0.8063148637365048,0.06451472722690098,TimingFailure,"{'R0': 0, 'R1': 28, 'R2': 0, 'R3': 620, 'R4': 5, 'R5': 0, 'R6': 0}","{'R0': 5479, 'R1': 5479, 'R2': 5479, 'R3': 5479, 'R4': 15, 'R5': 15, 'R6': 15}",,
01544500,0.8755997233398695,0.022091274911132552,MagnitudeFailure,"{'R0': 1, 'R1': 20, 'R2': 0, 'R3': 461, 'R4': 1, 'R5': 0, 'R6': 0}","{'R0': 5479, 'R1': 5479, 'R2': 5479, 'R3': 5479, 'R4': 15, 'R5': 15, 'R6': 15}",,
01545600,0.855035902547313,0.0429049444198194,MagnitudeFailure,"{'R0': 0, 'R1': 53, 'R2': 0, 'R3': 862, 'R4': 2, 'R5': 0, 'R6': 0}","{'R0': 5479, 'R1': 5479, 'R2': 5479, 'R3': 5479, 'R4': 15, 'R5': 15, 'R6': 15}",,
01547700,0.6692089782278553,0.14522810036589923,TimingFailure,"{'R0': 147, 'R1': 269, 'R2': 0, 'R3': 1136, 'R4': 11, 'R5': 0, 'R6': 0}","{'R0': 5479, 'R1': 5479, 'R2': 5479, 'R3': 5479, 'R4': 15, 'R5': 15, 'R6': 15}",,
01548500,0.8997927901232831,0.0296595659618109,TimingFailure,"{'R0': 15, 'R1': 50, 'R2': 0, 'R3': 342, 'R4': 2, 'R5': 0, 'R6': 0}","{'R0': 5479, 'R1': 5479, 'R2': 5479, 'R3': 5479, 'R4': 15, 'R5': 15, 'R6': 15}",,
01549500,0.8162432686744774,0.062063810740576576,TimingFailure,"{'R0': 18, 'R1': 51, 'R2': 0, 'R3': 485, 'R4': 5, 'R5': 0, 'R6': 0}","{'R0': 5479, 'R1': 5479, 'R2': 5479, 'R3': 5479, 'R4': 15, 'R5': 15, 'R6': 15}",,
01550000,0.7781076908886565,0.04492651596137633,TimingFailure,"{'R0': 6, 'R1': 23, 'R2': 0, 'R3': 233, 'R4': 4, 'R5': 0, 'R6': 0}","{'R0': 5479, 'R1': 5479, 'R2': 5479, 'R3': 5479, 'R4': 15, 'R5': 15, 'R6': 15}",,
01552000,0.8061047635935816,0.057188051347569505,TimingFailure,"{'R0': 0, 'R1': 10, 'R2': 0, 'R3': 357, 'R4': 5, 'R5': 0, 'R6': 0}","{'R0': 5479, 'R1': 5479, 'R2': 5479, 'R3': 5479, 'R4': 15, 'R5': 15, 'R6': 15}",,
01552500,0.8116623566742891,0.03834206798251332,MagnitudeFailure,"{'R0': 0, 'R1': 39, 'R2': 0, 'R3': 701, 'R4': 2, 'R5': 0, 'R6': 0}","{'R0': 5479, 'R1': 5479, 'R2': 5479, 'R3': 5479, 'R4': 15, 'R5': 15, 'R6': 15}",,
01557500,0.7854494034765774,0.09968277144769207,TimingFailure,"{'R0': 163, 'R1': 329, 'R2': 38, 'R3': 371, 'R4': 8, 'R5': 0, 'R6': 0}","{'R0': 5479, 'R1': 5479, 'R2': 5479, 'R3': 5479, 'R4': 15, 'R5': 15, 'R6': 15}",,
01567500,0.8427258928244584,0.07675018903345242,TimingFailure,"{'R0': 11, 'R1': 288, 'R2': 21, 'R3': 432, 'R4': 6, 'R5': 0, 'R6': 0}","{'R0': 5479, 'R1': 5479, 'R2': 5479, 'R3': 5479, 'R4': 15, 'R5': 15, 'R6': 15}",,
01568000,0.7438922653439599,0.06589662694791368,TimingFailure,"{'R0': 73, 'R1': 205, 'R2': 14, 'R3': 409, 'R4': 5, 'R5': 0, 'R6': 0}","{'R0': 5479, 'R1': 5479, 'R2': 5479, 'R3': 5479, 'R4': 15, 'R5': 15, 'R6': 15}",,
01580000,0.772396053969873,0.04962671325146229,TimingFailure,"{'R0': 0, 'R1': 4, 'R2': 0, 'R3': 73, 'R4': 5, 'R5': 0, 'R6': 0}","{'R0': 5479, 'R1': 5479, 'R2': 5479, 'R3': 5479, 'R4': 15, 'R5': 15, 'R6': 15}",,
01583500,0.765528819572652,0.07934537932712782,TimingFailure,"{'R0': 0, 'R1': 7, 'R2': 0, 'R3': 114, 'R4': 8, 'R5': 0, 'R6': 0}","{'R0': 5479, 'R1': 5479, 'R2': 5479, 'R3': 5479, 'R4': 15, 'R5': 15, 'R6': 15}",,
01586610,0.6021969775969567,0.07149027890039024,TimingFailure,"{'R0': 0, 'R1': 10, 'R2': 0, 'R3': 175, 'R4': 7, 'R5': 0, 'R6': 0}","{'R0': 5479, 'R1': 5479, 'R2': 5479, 'R3': 5479, 'R4': 15, 'R5': 15, 'R6': 15}",,
01591400,0.6553339937367108,0.08200488445058622,TimingFailure,"{'R0': 0, 'R1': 36, 'R2': 0, 'R3': 187, 'R4': 8, 'R5': 0, 'R6': 0}","{'R0': 5479, 'R1': 5479, 'R2': 5479, 'R3': 5479, 'R4': 15, 'R5': 15, 'R6': 15}",,
01594950,0.6803263518346809,0.14952486537852394,MagnitudeFailure,"{'R0': 0, 'R1': 952, 'R2': 0, 'R3': 2187, 'R4': 7, 'R5': 0, 'R6': 0}","{'R0': 5479, 'R1': 5412, 'R2': 5479, 'R3': 5412, 'R4': 15, 'R5': 15, 'R6': 15}",,
01596500,0.7160737577499747,0.05890195464935381,TimingFailure,"{'R0': 28, 'R1': 65, 'R2': 0, 'R3': 705, 'R4': 4, 'R5': 0, 'R6': 0}","{'R0': 5479, 'R1': 5479, 'R2': 5479, 'R3': 5479, 'R4': 15, 'R5': 15, 'R6': 15}",,
01605500,0.6903544231366101,0.0764181854526808,TimingFailure,"{'R0': 0, 'R1': 14, 'R2': 0, 'R3': 360, 'R4': 7, 'R5': 0, 'R6': 0}","{'R0': 5479, 'R1': 5479, 'R2': 5479, 'R3': 5479, 'R4': 15, 'R5': 15, 'R6': 15}",,
01606500,0.7226440876830535,0.08930548675027594,TimingFailure,"{'R0': 0, 'R1': 16, 'R2': 0, 'R3': 487, 'R4': 8, 'R5': 0, 'R6': 0}","{'R0': 5479, 'R1': 5479, 'R2': 5479, 'R3': 5479, 'R4': 15, 'R5': 15, 'R6': 15}",,
01613050,0.6586377586061382,0.11366604418090256,MagnitudeFailure,"{'R0': 413, 'R1': 653, 'R2': 9, 'R3': 1445, 'R4': 5, 'R5': 0, 'R6': 0}","{'R0': 5479, 'R1': 5445, 'R2': 5479, 'R3': 5445, 'R4': 15, 'R5': 15, 'R6': 15}",,
01620500,0.383009316715899,0.09529545711330709,TimingFailure,"{'R0': 2, 'R1': 297, 'R2': 1, 'R3': 798, 'R4': 7, 'R5': 0, 'R6': 0}","{'R0': 5479, 'R1': 5479, 'R2': 5479, 'R3': 5479, 'R4': 15, 'R5': 15, 'R6': 15}",,
01632000,0.5334881641007566,0.16133983434585733,MagnitudeFailure,"{'R0': 621, 'R1': 955, 'R2': 64, 'R3': 1991, 'R4': 7, 'R5': 0, 'R6': 0}","{'R0': 5479, 'R1': 5479, 'R2': 5479, 'R3': 5479, 'R4': 15, 'R5': 15, 'R6': 15}",,
01632900,0.606649456115008,0.07461215550282899,TimingFailure,"{'R0': 0, 'R1': 15, 'R2': 0, 'R3': 655, 'R4': 6, 'R5': 0, 'R6': 0}","{'R0': 5479, 'R1': 5479, 'R2': 5479, 'R3': 5479, 'R4': 15, 'R5': 15, 'R6': 15}",,
01634500,0.6779070256506661,0.18158683805699685,TimingFailure,"{'R0': 836, 'R1': 1099, 'R2': 527, 'R3': 1215, 'R4': 9, 'R5': 0, 'R6': 0}","{'R0': 5479, 'R1': 5479, 'R2': 5479, 'R3': 5479, 'R4': 15, 'R5': 15, 'R6': 15}",,
01638480,0.492993317943755,0.13362361918667814,MagnitudeFailure,"{'R0': 3, 'R1': 484, 'R2': 0, 'R3': 2081, 'R4': 7, 'R5': 0, 'R6': 0}","{'R0': 5479, 'R1': 5479, 'R2': 5479, 'R3': 5479, 'R4': 15, 'R5': 15, 'R6': 15}",,
01639500,0.6762318957467313,0.050819144960411615,TimingFailure,"{'R0': 0, 'R1': 75, 'R2': 1, 'R3': 412, 'R4': 4, 'R5': 0, 'R6': 0}","{'R0': 5479, 'R1': 5479, 'R2': 5479, 'R3': 5479, 'R4': 15, 'R5': 15, 'R6': 15}",,
01644000,0.5958021628281629,0.11984981618126353,MagnitudeFailure,"{'R0': 20, 'R1': 538, 'R2': 0, 'R3': 1847, 'R4': 6, 'R5': 0, 'R6': 0}","{'R0': 5479, 'R1': 5479, 'R2': 5479, 'R3': 5479, 'R4': 15, 'R5': 15, 'R6': 15}",,
01658500,0.3530396627879364,0.13121680426132085,MagnitudeFailure,"{'R0': 168, 'R1': 757, 'R2': 6, 'R3': 2247, 'R4': 5, 'R5': 0, 'R6': 0}","{'R0': 5479, 'R1': 5428, 'R2': 5479, 'R3': 5428, 'R4': 15, 'R5': 15, 'R6': 15}",,
01664000,0.8220280820392051,0.09336601221981766,TimingFailure,"{'R0': 81, 'R1': 184, 'R2': 4, 'R3': 755, 'R4': 7, 'R5': 0, 'R6': 0}","{'R0': 5479, 'R1': 5479, 'R2': 5479, 'R3': 5479, 'R4': 15, 'R5': 15, 'R6': 15}",,
01666500,0.7577785647191235,0.05760522862183749,TimingFailure,"{'R0': 32, 'R1': 96, 'R2': 5, 'R3': 250, 'R4': 5, 'R5': 0, 'R6': 0}","{'R0': 5479, 'R1': 5479, 'R2': 5479, 'R3': 5479, 'R4': 15, 'R5': 15, 'R6': 15}",,
01667500,0.7603716136522594,0.07119651656975987,TimingFailure,"{'R0': 58, 'R1': 151, 'R2': 5, 'R3': 325, 'R4': 6, 'R5': 0, 'R6': 0}","{'R0': 5479, 'R1': 5479, 'R2': 5479, 'R3': 5479, 'R4': 15, 'R5': 15, 'R6': 15}",,
01669000,0.7415225333918122,0.10878714704772631,TimingFailure,"{'R0': 145, 'R1': 293, 'R2': 54, 'R3': 753, 'R4': 8, 'R5': 0, 'R6': 0}","{'R0': 5479, 'R1': 5452, 'R2': 5479, 'R3': 5452, 'R4': 15, 'R5': 15, 'R6': 15}",,
01669520,0.7017496677171698,0.10647193444871617,TimingFailure,"{'R0': 409, 'R1': 725, 'R2': 69, 'R3': 1036, 'R4': 5, 'R5': 0, 'R6': 0}","{'R0': 5479, 'R1': 5423, 'R2': 5479, 'R3': 5423, 'R4': 15, 'R5': 15, 'R6': 15}",,
02011400,0.81749023119053,0.06890204156128596,TimingFailure,"{'R0': 0, 'R1': 15, 'R2': 0, 'R3': 436, 'R4': 6, 'R5': 0, 'R6': 0}","{'R0': 5479, 'R1': 5479, 'R2': 5479, 'R3': 5479, 'R4': 15, 'R5': 15, 'R6': 15}",,
02011460,0.6224024330697551,0.10061446736022388,TimingFailure,"{'R0': 0, 'R1': 61, 'R2': 0, 'R3': 1241, 'R4': 7, 'R5': 0, 'R6': 0}","{'R0': 5479, 'R1': 5479, 'R2': 5479, 'R3': 5479, 'R4': 15, 'R5': 15, 'R6': 15}",,
02013000,0.7321717302197626,0.07241502185835093,TimingFailure,"{'R0': 91, 'R1': 191, 'R2': 22, 'R3': 647, 'R4': 5, 'R5': 0, 'R6': 0}","{'R0': 5479, 'R1': 5479, 'R2': 5479, 'R3': 5479, 'R4': 15, 'R5': 15, 'R6': 15}",,
02014000,0.8502349372632342,0.05094951285862036,TimingFailure,"{'R0': 27, 'R1': 126, 'R2': 40, 'R3': 300, 'R4': 4, 'R5': 0, 'R6': 0}","{'R0': 5479, 'R1': 5479, 'R2': 5479, 'R3': 5479, 'R4': 15, 'R5': 15, 'R6': 15}",,
02015700,0.5347954626064375,0.0871483325945819,TimingFailure,"{'R0': 0, 'R1': 12, 'R2': 0, 'R3': 43, 'R4': 9, 'R5': 0, 'R6': 0}","{'R0': 5479, 'R1': 5479, 'R2': 5479, 'R3': 5479, 'R4': 15, 'R5': 15, 'R6': 15}",,
02016000,0.7977064515725739,0.07830765085738621,TimingFailure,"{'R0': 152, 'R1': 458, 'R2': 203, 'R3': 364, 'R4': 5, 'R5': 0, 'R6': 0}","{'R0': 5479, 'R1': 5479, 'R2': 5479, 'R3': 5479, 'R4': 15, 'R5': 15, 'R6': 15}",,
02017500,0.8663474758009003,0.0399134357155894,TimingFailure,"{'R0': 12, 'R1': 72, 'R2': 1, 'R3': 350, 'R4': 3, 'R5': 0, 'R6': 0}","{'R0': 5479, 'R1': 5479, 'R2': 5479, 'R3': 5479, 'R4': 15, 'R5': 15, 'R6': 15}",,
02018000,0.8665939937564509,0.08120877115219148,TimingFailure,"{'R0': 113, 'R1': 325, 'R2': 113, 'R3': 372, 'R4': 6, 'R5': 0, 'R6': 0}","{'R0': 5479, 'R1': 5479, 'R2': 5479, 'R3': 5479, 'R4': 15, 'R5': 15, 'R6': 15}",,
02027000,0.8125449120221717,0.06736370036242276,TimingFailure,"{'R0': 7, 'R1': 56, 'R2': 0, 'R3': 329, 'R4': 6, 'R5': 0, 'R6': 0}","{'R0': 5479, 'R1': 5479, 'R2': 5479, 'R3': 5479, 'R4': 15, 'R5': 15, 'R6': 15}",,
02027500,0.6574376362551199,0.08437758019798537,TimingFailure,"{'R0': 6, 'R1': 42, 'R2': 0, 'R3': 266, 'R4': 8, 'R5': 0, 'R6': 0}","{'R0': 5479, 'R1': 5479, 'R2': 5479, 'R3': 5479, 'R4': 15, 'R5': 15, 'R6': 15}",,
02028500,0.8076099409333821,0.11013132392946227,TimingFailure,"{'R0': 0, 'R1': 257, 'R2': 0, 'R3': 1410, 'R4': 7, 'R5': 0, 'R6': 0}","{'R0': 5479, 'R1': 5479, 'R2': 5479, 'R3': 5479, 'R4': 15, 'R5': 15, 'R6': 15}",,
02038850,0.5586461325017547,0.13493425112333673,TimingFailure,"{'R0': 455, 'R1': 757, 'R2': 300, 'R3': 741, 'R4': 8, 'R5': 0, 'R6': 0}","{'R0': 5479, 'R1': 5479, 'R2': 5479, 'R3': 5479, 'R4': 15, 'R5': 15, 'R6': 15}",,
02046000,0.6879568996992513,0.14309369821768514,MagnitudeFailure,"{'R0': 522, 'R1': 944, 'R2': 85, 'R3': 1744, 'R4': 6, 'R5': 0, 'R6': 0}","{'R0': 5479, 'R1': 5476, 'R2': 5479, 'R3': 5476, 'R4': 15, 'R5': 15, 'R6': 15}",,
02051000,0.49983702926620155,0.11882607332433597,TimingFailure,"{'R0': 393, 'R1': 618, 'R2': 70, 'R3': 1283, 'R4': 6, 'R5': 0, 'R6': 0}","{'R0': 5479, 'R1': 5474, 'R2': 5479, 'R3': 5474, 'R4': 15, 'R5': 15, 'R6': 15}",,
02051500,0.7646643391550149,0.09476007961132983,TimingFailure,"{'R0': 221, 'R1': 472, 'R2': 143, 'R3': 972, 'R4': 5, 'R5': 0, 'R6': 0}","{'R0': 5479, 'R1': 5479, 'R2': 5479, 'R3': 5479, 'R4': 15, 'R5': 15, 'R6': 15}",,
02053200,0.6803848665797121,0.1689985138059604,MagnitudeFailure,"{'R0': 348, 'R1': 1303, 'R2': 12, 'R3': 2627, 'R4': 6, 'R5': 0, 'R6': 0}","{'R0': 5479, 'R1': 5479, 'R2': 5479, 'R3': 5479, 'R4': 15, 'R5': 15, 'R6': 15}",,
02053800,0.8019147935847268,0.08724567395857777,TimingFailure,"{'R0': 0, 'R1': 7, 'R2': 0, 'R3': 417, 'R4': 8, 'R5': 0, 'R6': 0}","{'R0': 5479, 'R1': 5479, 'R2': 5479, 'R3': 5479, 'R4': 15, 'R5': 15, 'R6': 15}",,
02055100,0.7925280885427867,0.07388209527286002,TimingFailure,"{'R0': 0, 'R1': 13, 'R2': 0, 'R3': 629, 'R4': 6, 'R5': 0, 'R6': 0}","{'R0': 5479, 'R1': 5479, 'R2': 5479, 'R3': 5479, 'R4': 15, 'R5': 15, 'R6': 15}",,
02056900,0.8104714098254202,0.08103320904927037,TimingFailure,"{'R0': 49, 'R1': 222, 'R2': 46, 'R3': 234, 'R4': 7, 'R5': 0, 'R6': 0}","{'R0': 5479, 'R1': 5479, 'R2': 5479, 'R3': 5479, 'R4': 15, 'R5': 15, 'R6': 15}",,
02059500,0.730339636970442,0.09706846052894602,TimingFailure,"{'R0': 118, 'R1': 296, 'R2': 128, 'R3': 624, 'R4': 7, 'R5': 0, 'R6': 0}","{'R0': 5479, 'R1': 5479, 'R2': 5479, 'R3': 5479, 'R4': 15, 'R5': 15, 'R6': 15}",,
02064000,0.5019395729383467,0.16165967025612948,TimingFailure,"{'R0': 717, 'R1': 1162, 'R2': 616, 'R3': 783, 'R4': 8, 'R5': 0, 'R6': 0}","{'R0': 5479, 'R1': 5479, 'R2': 5479, 'R3': 5479, 'R4': 15, 'R5': 15, 'R6': 15}",,
02065500,0.6615110870692666,0.10131686998585145,TimingFailure,"{'R0': 282, 'R1': 677, 'R2': 284, 'R3': 451, 'R4': 6, 'R5': 0, 'R6': 0}","{'R0': 5479, 'R1': 5478, 'R2': 5479, 'R3': 5478, 'R4': 15, 'R5': 15, 'R6': 15}",,
02069700,0.7575143555254044,0.06930009821048332,TimingFailure,"{'R0': 0, 'R1': 9, 'R2': 0, 'R3': 92, 'R4': 7, 'R5': 0, 'R6': 0}","{'R0': 5479, 'R1': 5479, 'R2': 5479, 'R3': 5479, 'R4': 15, 'R5': 15, 'R6': 15}",,
02070000,0.7434994780764419,0.10585004215228709,TimingFailure,"{'R0': 29, 'R1': 165, 'R2': 32, 'R3': 181, 'R4': 10, 'R5': 0, 'R6': 0}","{'R0': 5479, 'R1': 5479, 'R2': 5479, 'R3': 5479, 'R4': 15, 'R5': 15, 'R6': 15}",,
02074500,0.5255180756930532,0.14034538801832103,TimingFailure,"{'R0': 277, 'R1': 712, 'R2': 340, 'R3': 401, 'R4': 10, 'R5': 0, 'R6': 0}","{'R0': 5479, 'R1': 5479, 'R2': 5479, 'R3': 5479, 'R4': 15, 'R5': 15, 'R6': 15}",,
02077200,0.5431467341923468,0.12934653829560222,MagnitudeFailure,"{'R0': 317, 'R1': 632, 'R2': 8, 'R3': 1632, 'R4': 6, 'R5': 0, 'R6': 0}","{'R0': 5479, 'R1': 5075, 'R2': 5479, 'R3': 5075, 'R4': 15, 'R5': 15, 'R6': 15}",,
02081500,0.6235883018328083,0.1660138946379763,MagnitudeFailure,"{'R0': 197, 'R1': 1150, 'R2': 3, 'R3': 2426, 'R4': 7, 'R5': 0, 'R6': 0}","{'R0': 5479, 'R1': 5427, 'R2': 5479, 'R3': 5427, 'R4': 15, 'R5': 15, 'R6': 15}",,
02082950,0.5643816828361088,0.16888900477146507,TimingFailure,"{'R0': 473, 'R1': 904, 'R2': 141, 'R3': 1672, 'R4': 9, 'R5': 0, 'R6': 0}","{'R0': 5479, 'R1': 5479, 'R2': 5479, 'R3': 5479, 'R4': 15, 'R5': 15, 'R6': 15}",,
02092500,0.6384774078535151,0.16214811531475157,MagnitudeFailure,"{'R0': 370, 'R1': 995, 'R2': 56, 'R3': 2241, 'R4': 7, 'R5': 0, 'R6': 0}","{'R0': 5479, 'R1': 5479, 'R2': 5479, 'R3': 5479, 'R4': 15, 'R5': 15, 'R6': 15}",,
02096846,0.5452088792449588,0.19598466494214842,MagnitudeFailure,"{'R0': 71, 'R1': 1534, 'R2': 1, 'R3': 2963, 'R4': 7, 'R5': 0, 'R6': 0}","{'R0': 5479, 'R1': 5041, 'R2': 5479, 'R3': 5041, 'R4': 15, 'R5': 15, 'R6': 15}",,
02102908,0.7639012906993287,0.0734979445328049,TimingFailure,"{'R0': 0, 'R1': 1, 'R2': 0, 'R3': 261, 'R4': 7, 'R5': 0, 'R6': 0}","{'R0': 5479, 'R1': 5479, 'R2': 5479, 'R3': 5479, 'R4': 15, 'R5': 15, 'R6': 15}",,
02108000,0.734384038121372,0.08847634691766834,TimingFailure,"{'R0': 145, 'R1': 455, 'R2': 34, 'R3': 933, 'R4': 5, 'R5': 0, 'R6': 0}","{'R0': 5479, 'R1': 5479, 'R2': 5479, 'R3': 5479, 'R4': 15, 'R5': 15, 'R6': 15}",,
02111180,0.8760460610753795,0.06478241597788961,TimingFailure,"{'R0': 11, 'R1': 135, 'R2': 20, 'R3': 127, 'R4': 6, 'R5': 0, 'R6': 0}","{'R0': 5479, 'R1': 5479, 'R2': 5479, 'R3': 5479, 'R4': 15, 'R5': 15, 'R6': 15}",,
02111500,0.8527800455899853,0.08858237947487811,TimingFailure,"{'R0': 1, 'R1': 49, 'R2': 6, 'R3': 54, 'R4': 9, 'R5': 0, 'R6': 0}","{'R0': 5479, 'R1': 5479, 'R2': 5479, 'R3': 5479, 'R4': 15, 'R5': 15, 'R6': 15}",,
02112120,0.8478320012012301,0.08093586768527451,TimingFailure,"{'R0': 25, 'R1': 68, 'R2': 25, 'R3': 64, 'R4': 8, 'R5': 0, 'R6': 0}","{'R0': 5479, 'R1': 5479, 'R2': 5479, 'R3': 5479, 'R4': 15, 'R5': 15, 'R6': 15}",,
02112360,0.6728672677991467,0.07534916868736909,TimingFailure,"{'R0': 40, 'R1': 195, 'R2': 50, 'R3': 48, 'R4': 7, 'R5': 0, 'R6': 0}","{'R0': 5479, 'R1': 5479, 'R2': 5479, 'R3': 5479, 'R4': 15, 'R5': 15, 'R6': 15}",,
02118500,0.7950400119731361,0.0754534630059361,TimingFailure,"{'R0': 26, 'R1': 150, 'R2': 29, 'R3': 132, 'R4': 7, 'R5': 0, 'R6': 0}","{'R0': 5479, 'R1': 5479, 'R2': 5479, 'R3': 5479, 'R4': 15, 'R5': 15, 'R6': 15}",,
02125000,0.532545092399352,0.17913487054265587,MagnitudeFailure,"{'R0': 383, 'R1': 1451, 'R2': 6, 'R3': 2933, 'R4': 5, 'R5': 0, 'R6': 0}","{'R0': 5479, 'R1': 5160, 'R2': 5479, 'R3': 5160, 'R4': 15, 'R5': 15, 'R6': 15}",,
02128000,0.36684227726793195,0.14018758656644012,TimingFailure,"{'R0': 66, 'R1': 588, 'R2': 1, 'R3': 1432, 'R4': 9, 'R5': 0, 'R6': 0}","{'R0': 5479, 'R1': 5473, 'R2': 5479, 'R3': 5473, 'R4': 15, 'R5': 15, 'R6': 15}",,
02137727,0.6980606408067684,0.0699258641218853,TimingFailure,"{'R0': 0, 'R1': 27, 'R2': 0, 'R3': 98, 'R4': 7, 'R5': 0, 'R6': 0}","{'R0': 5479, 'R1': 5479, 'R2': 5479, 'R3': 5479, 'R4': 15, 'R5': 15, 'R6': 15}",,
02140991,0.7153819398627116,0.0987319549100896,TimingFailure,"{'R0': 13, 'R1': 46, 'R2': 15, 'R3': 60, 'R4': 10, 'R5': 0, 'R6': 0}","{'R0': 5479, 'R1': 5479, 'R2': 5479, 'R3': 5479, 'R4': 15, 'R5': 15, 'R6': 15}",,
02143000,0.8104800357378849,0.07646337965739317,TimingFailure,"{'R0': 122, 'R1': 270, 'R2': 119, 'R3': 230, 'R4': 6, 'R5': 0, 'R6': 0}","{'R0': 5479, 'R1': 5479, 'R2': 5479, 'R3': 5479, 'R4': 15, 'R5': 15, 'R6': 15}",,
02143040,0.7547694361111864,0.09407695182471601,TimingFailure,"{'R0': 87, 'R1': 179, 'R2': 72, 'R3': 348, 'R4': 8, 'R5': 0, 'R6': 0}","{'R0': 5479, 'R1': 5479, 'R2': 5479, 'R3': 5479, 'R4': 15, 'R5': 15, 'R6': 15}",,
02149000,0.8669928305941922,0.09343206528824342,TimingFailure,"{'R0': 30, 'R1': 105, 'R2': 33, 'R3': 128, 'R4': 9, 'R5': 0, 'R6': 0}","{'R0': 5479, 'R1': 5479, 'R2': 5479, 'R3': 5479, 'R4': 15, 'R5': 15, 'R6': 15}",,
02152100,0.8042506813017276,0.08661295509260467,TimingFailure,"{'R0': 55, 'R1': 138, 'R2': 44, 'R3': 528, 'R4': 7, 'R5': 0, 'R6': 0}","{'R0': 5479, 'R1': 5479, 'R2': 5479, 'R3': 5479, 'R4': 15, 'R5': 15, 'R6': 15}",,
02177000,0.805775205352654,0.07780703812826463,TimingFailure,"{'R0': 3, 'R1': 44, 'R2': 3, 'R3': 12, 'R4': 8, 'R5': 0, 'R6': 0}","{'R0': 5479, 'R1': 5479, 'R2': 5479, 'R3': 5479, 'R4': 15, 'R5': 15, 'R6': 15}",,
02178400,0.7692548266680451,0.038981739803057566,TimingFailure,"{'R0': 0, 'R1': 6, 'R2': 0, 'R3': 28, 'R4': 4, 'R5': 0, 'R6': 0}","{'R0': 5479, 'R1': 5479, 'R2': 5479, 'R3': 5479, 'R4': 15, 'R5': 15, 'R6': 15}",,
02193340,0.61963113454954,0.22421618149036324,MagnitudeFailure,"{'R0': 1643, 'R1': 1988, 'R2': 835, 'R3': 2289, 'R4': 5, 'R5': 0, 'R6': 0}","{'R0': 5479, 'R1': 5456, 'R2': 5479, 'R3': 5456, 'R4': 15, 'R5': 15, 'R6': 15}",,
02196000,0.7066296231904283,0.20062576591140197,MagnitudeFailure,"{'R0': 956, 'R1': 1640, 'R2': 278, 'R3': 2629, 'R4': 6, 'R5': 0, 'R6': 0}","{'R0': 5479, 'R1': 5479, 'R2': 5479, 'R3': 5479, 'R4': 15, 'R5': 15, 'R6': 15}",,
02198100,0.5244100571854385,0.26095481448648084,MagnitudeFailure,"{'R0': 1326, 'R1': 1831, 'R2': 1421, 'R3': 2143, 'R4': 9, 'R5': 0, 'R6': 0}","{'R0': 5479, 'R1': 5479, 'R2': 5479, 'R3': 5479, 'R4': 15, 'R5': 15, 'R6': 15}",,
02202600,0.3383317001179911,0.24162798204500463,MagnitudeFailure,"{'R0': 804, 'R1': 2196, 'R2': 35, 'R3': 3305, 'R4': 8, 'R5': 0, 'R6': 0}","{'R0': 5479, 'R1': 5474, 'R2': 5479, 'R3': 5474, 'R4': 15, 'R5': 15, 'R6': 15}",,
02212600,0.7670889029834851,0.15939074929787053,MagnitudeFailure,"{'R0': 1345, 'R1': 1648, 'R2': 339, 'R3': 1977, 'R4': 2, 'R5': 0, 'R6': 0}","{'R0': 5479, 'R1': 5370, 'R2': 5479, 'R3': 5370, 'R4': 15, 'R5': 15, 'R6': 15}",,
02215100,0.7835266751026678,0.20046237147898036,MagnitudeFailure,"{'R0': 1343, 'R1': 1904, 'R2': 655, 'R3': 1960, 'R4': 5, 'R5': 0, 'R6': 0}","{'R0': 5479, 'R1': 5479, 'R2': 5479, 'R3': 5479, 'R4': 15, 'R5': 15, 'R6': 15}",,
02216180,0.6934747297830615,0.15620523875056141,MagnitudeFailure,"{'R0': 589, 'R1': 976, 'R2': 0, 'R3': 1581, 'R4': 4, 'R5': 0, 'R6': 0}","{'R0': 5479, 'R1': 3555, 'R2': 5479, 'R3': 3555, 'R4': 15, 'R5': 15, 'R6': 15}",,
02221525,0.761266204542185,0.2219800276379944,MagnitudeFailure,"{'R0': 1567, 'R1': 1942, 'R2': 1031, 'R3': 1782, 'R4': 6, 'R5': 0, 'R6': 0}","{'R0': 5479, 'R1': 5479, 'R2': 5479, 'R3': 5479, 'R4': 15, 'R5': 15, 'R6': 15}",,
02231000,0.6609455696544883,0.1471940482708871,MagnitudeFailure,"{'R0': 234, 'R1': 860, 'R2': 30, 'R3': 2695, 'R4': 5, 'R5': 0, 'R6': 0}","{'R0': 5479, 'R1': 5479, 'R2': 5479, 'R3': 5479, 'R4': 15, 'R5': 15, 'R6': 15}",,
02231342,0.7537723530910259,0.17275850633043882,TimingFailure,"{'R0': 175, 'R1': 852, 'R2': 9, 'R3': 1980, 'R4': 9, 'R5': 0, 'R6': 0}","{'R0': 5479, 'R1': 4919, 'R2': 5479, 'R3': 4919, 'R4': 15, 'R5': 15, 'R6': 15}",,
02235200,0.23679633113086018,0.17736987110960462,TimingFailure,"{'R0': 383, 'R1': 933, 'R2': 316, 'R3': 1518, 'R4': 10, 'R5': 0, 'R6': 0}","{'R0': 5479, 'R1': 5479, 'R2': 5479, 'R3': 5479, 'R4': 15, 'R5': 15, 'R6': 15}",,
02245500,0.6587436521703784,0.13437975299628888,MagnitudeFailure,"{'R0': 0, 'R1': 356, 'R2': 0, 'R3': 2241, 'R4': 7, 'R5': 0, 'R6': 0}","{'R0': 5479, 'R1': 5479, 'R2': 5479, 'R3': 5479, 'R4': 15, 'R5': 15, 'R6': 15}",,
02246000,0.620090018796351,0.12346709079689548,MagnitudeFailure,"{'R0': 0, 'R1': 438, 'R2': 0, 'R3': 2471, 'R4': 5, 'R5': 0, 'R6': 0}","{'R0': 5479, 'R1': 5479, 'R2': 5479, 'R3': 5479, 'R4': 15, 'R5': 15, 'R6': 15}",,
02296500,0.8023456217254976,0.18127221686265307,MagnitudeFailure,"{'R0': 946, 'R1': 1463, 'R2': 113, 'R3': 2604, 'R4': 5, 'R5': 0, 'R6': 0}","{'R0': 5479, 'R1': 5479, 'R2': 5479, 'R3': 5479, 'R4': 15, 'R5': 15, 'R6': 15}",,
02297155,0.6040851021772305,0.1740835666615934,MagnitudeFailure,"{'R0': 356, 'R1': 1252, 'R2': 7, 'R3': 2700, 'R4': 6, 'R5': 0, 'R6': 0}","{'R0': 5479, 'R1': 5253, 'R2': 5479, 'R3': 5253, 'R4': 15, 'R5': 15, 'R6': 15}",,
02297310,0.7594163921526855,0.19504256383689,MagnitudeFailure,"{'R0': 2, 'R1': 1100, 'R2': 0, 'R3': 3062, 'R4': 9, 'R5': 0, 'R6': 0}","{'R0': 5479, 'R1': 5441, 'R2': 5479, 'R3': 5441, 'R4': 15, 'R5': 15, 'R6': 15}",,
02298123,0.8321662088359685,0.18662599188242554,TimingFailure,"{'R0': 658, 'R1': 1207, 'R2': 220, 'R3': 1420, 'R4': 10, 'R5': 0, 'R6': 0}","{'R0': 5479, 'R1': 5479, 'R2': 5479, 'R3': 5479, 'R4': 15, 'R5': 15, 'R6': 15}",,
02298608,0.5567907892328927,0.15109467986062025,MagnitudeFailure,"{'R0': 567, 'R1': 1132, 'R2': 97, 'R3': 1412, 'R4': 7, 'R5': 0, 'R6': 0}","{'R0': 5479, 'R1': 5415, 'R2': 5479, 'R3': 5415, 'R4': 15, 'R5': 15, 'R6': 15}",,
02299950,0.3925089872333305,0.1605454592861054,TimingFailure,"{'R0': 426, 'R1': 971, 'R2': 140, 'R3': 1333, 'R4': 9, 'R5': 0, 'R6': 0}","{'R0': 5479, 'R1': 5479, 'R2': 5479, 'R3': 5479, 'R4': 15, 'R5': 15, 'R6': 15}",,
02300700,0.17861003618561588,0.11848753685673163,TimingFailure,"{'R0': 192, 'R1': 1039, 'R2': 93, 'R3': 661, 'R4': 7, 'R5': 0, 'R6': 0}","{'R0': 5479, 'R1': 5471, 'R2': 5479, 'R3': 5471, 'R4': 15, 'R5': 15, 'R6': 15}",,
02310947,0.6455739938478205,0.2326289623839822,MagnitudeFailure,"{'R0': 824, 'R1': 1648, 'R2': 32, 'R3': 2435, 'R4': 8, 'R5': 0, 'R6': 0}","{'R0': 5479, 'R1': 4349, 'R2': 5479, 'R3': 4349, 'R4': 15, 'R5': 15, 'R6': 15}",,
02312200,0.7182930242663264,0.2729963183272144,TimingFailure,"{'R0': 913, 'R1': 1775, 'R2': 85, 'R3': 2253, 'R4': 13, 'R5': 0, 'R6': 0}","{'R0': 5479, 'R1': 4672, 'R2': 5479, 'R3': 4672, 'R4': 15, 'R5': 15, 'R6': 15}",,
02314500,0.7751116253783688,0.2198837118347978,TimingFailure,"{'R0': 172, 'R1': 1384, 'R2': 32, 'R3': 2462, 'R4': 12, 'R5': 0, 'R6': 0}","{'R0': 5479, 'R1': 5479, 'R2': 5479, 'R3': 5479, 'R4': 15, 'R5': 15, 'R6': 15}",,
02315500,0.8158333921581054,0.19258988866581492,MagnitudeFailure,"{'R0': 622, 'R1': 1337, 'R2': 185, 'R3': 1955, 'R4': 9, 'R5': 0, 'R6': 0}","{'R0': 5479, 'R1': 5479, 'R2': 5479, 'R3': 5479, 'R4': 15, 'R5': 15, 'R6': 15}",,
02324400,0.5390523804056828,0.26141718596546115,MagnitudeFailure,"{'R0': 806, 'R1': 2709, 'R2': 118, 'R3': 3471, 'R4': 8, 'R5': 0, 'R6': 0}","{'R0': 5479, 'R1': 5479, 'R2': 5479, 'R3': 5479, 'R4': 15, 'R5': 15, 'R6': 15}",,
02327100,0.50039912187935,0.17800085173693495,MagnitudeFailure,"{'R0': 50, 'R1': 1483, 'R2': 2, 'R3': 2735, 'R4': 7, 'R5': 0, 'R6': 0}","{'R0': 5479, 'R1': 5479, 'R2': 5479, 'R3': 5479, 'R4': 15, 'R5': 15, 'R6': 15}",,
02342933,0.43948876492736655,0.16851528346326666,MagnitudeFailure,"{'R0': 1105, 'R1': 1579, 'R2': 262, 'R3': 2056, 'R4': 4, 'R5': 0, 'R6': 0}","{'R0': 5479, 'R1': 5479, 'R2': 5479, 'R3': 5479, 'R4': 15, 'R5': 15, 'R6': 15}",,
02349900,0.7458782506459516,0.21850007387514234,MagnitudeFailure,"{'R0': 1173, 'R1': 1673, 'R2': 755, 'R3': 1857, 'R4': 8, 'R5': 0, 'R6': 0}","{'R0': 5479, 'R1': 5479, 'R2': 5479, 'R3': 5479, 'R4': 15, 'R5': 15, 'R6': 15}",,
02350900,0.545740497377668,0.16183001764312221,TimingFailure,"{'R0': 494, 'R1': 803, 'R2': 474, 'R3': 783, 'R4': 10, 'R5': 0, 'R6': 0}","{'R0': 5479, 'R1': 5479, 'R2': 5479, 'R3': 5479, 'R4': 15, 'R5': 15, 'R6': 15}",,
02361000,0.6679506467774083,0.15761131245708723,TimingFailure,"{'R0': 715, 'R1': 1339, 'R2': 608, 'R3': 826, 'R4': 7, 'R5': 0, 'R6': 0}","{'R0': 5479, 'R1': 5479, 'R2': 5479, 'R3': 5479, 'R4': 15, 'R5': 15, 'R6': 15}",,
02363000,0.7371700539132529,0.0920414743740168,MagnitudeFailure,"{'R0': 297, 'R1': 498, 'R2': 34, 'R3': 1240, 'R4': 4, 'R5': 0, 'R6': 0}","{'R0': 5479, 'R1': 5479, 'R2': 5479, 'R3': 5479, 'R4': 15, 'R5': 15, 'R6': 15}",,
02369800,0.813044700140381,0.08152165410789247,TimingFailure,"{'R0': 30, 'R1': 493, 'R2': 48, 'R3': 364, 'R4': 6, 'R5': 0, 'R6': 0}","{'R0': 5479, 'R1': 5479, 'R2': 5479, 'R3': 5479, 'R4': 15, 'R5': 15, 'R6': 15}",,
02371500,0.6634058886323045,0.1817241589097767,TimingFailure,"{'R0': 735, 'R1': 985, 'R2': 360, 'R3': 1237, 'R4': 10, 'R5': 0, 'R6': 0}","{'R0': 5479, 'R1': 5479, 'R2': 5479, 'R3': 5479, 'R4': 15, 'R5': 15, 'R6': 15}",,
02372250,0.8101858867380003,0.12701309762817337,MagnitudeFailure,"{'R0': 630, 'R1': 953, 'R2': 295, 'R3': 1167, 'R4': 5, 'R5': 0, 'R6': 0}","{'R0': 5479, 'R1': 5479, 'R2': 5479, 'R3': 5479, 'R4': 15, 'R5': 15, 'R6': 15}",,
02374500,0.5826173703238536,0.09105241658627314,TimingFailure,"{'R0': 33, 'R1': 336, 'R2': 54, 'R3': 147, 'R4': 8, 'R5': 0, 'R6': 0}","{'R0': 5479, 'R1': 5479, 'R2': 5479, 'R3': 5479, 'R4': 15, 'R5': 15, 'R6': 15}",,
02381600,0.5536443989564912,0.08867276788430282,TimingFailure,"{'R0': 26, 'R1': 200, 'R2': 7, 'R3': 611, 'R4': 7, 'R5': 0, 'R6': 0}","{'R0': 5479, 'R1': 5479, 'R2': 5479, 'R3': 5479, 'R4': 15, 'R5': 15, 'R6': 15}",,
02384540,0.7375192384184659,0.0915339086903241,TimingFailure,"{'R0': 247, 'R1': 525, 'R2': 77, 'R3': 470, 'R4': 6, 'R5': 0, 'R6': 0}","{'R0': 5479, 'R1': 5479, 'R2': 5479, 'R3': 5479, 'R4': 15, 'R5': 15, 'R6': 15}",,
02395120,0.7118563852270454,0.10169043708010672,TimingFailure,"{'R0': 152, 'R1': 380, 'R2': 183, 'R3': 263, 'R4': 8, 'R5': 0, 'R6': 0}","{'R0': 5479, 'R1': 5479, 'R2': 5479, 'R3': 5479, 'R4': 15, 'R5': 15, 'R6': 15}",,
02408540,0.6172551561450852,0.08689802623002112,MagnitudeFailure,"{'R0': 506, 'R1': 776, 'R2': 328, 'R3': 627, 'R4': 3, 'R5': 0, 'R6': 0}","{'R0': 5479, 'R1': 5479, 'R2': 5479, 'R3': 5479, 'R4': 15, 'R5': 15, 'R6': 15}",,
02415000,0.6946468508182388,0.08030836353522974,TimingFailure,"{'R0': 346, 'R1': 533, 'R2': 193, 'R3': 547, 'R4': 4, 'R5': 0, 'R6': 0}","{'R0': 5479, 'R1': 5479, 'R2': 5479, 'R3': 5479, 'R4': 15, 'R5': 15, 'R6': 15}",,
02422500,0.8107697989262481,0.13492034521419446,TimingFailure,"{'R0': 616, 'R1': 943, 'R2': 641, 'R3': 783, 'R4': 6, 'R5': 0, 'R6': 0}","{'R0': 5479, 'R1': 5479, 'R2': 5479, 'R3': 5479, 'R4': 15, 'R5': 15, 'R6': 15}",,
02427250,0.6896219862498227,0.13959446892463864,TimingFailure,"{'R0': 641, 'R1': 873, 'R2': 322, 'R3': 961, 'R4': 7, 'R5': 0, 'R6': 0}","{'R0': 5479, 'R1': 5479, 'R2': 5479, 'R3': 5479, 'R4': 15, 'R5': 15, 'R6': 15}",,
02430085,0.7906732203165298,0.1281029732571985,TimingFailure,"{'R0': 385, 'R1': 659, 'R2': 338, 'R3': 609, 'R4': 8, 'R5': 0, 'R6': 0}","{'R0': 5479, 'R1': 5479, 'R2': 5479, 'R3': 5479, 'R4': 15, 'R5': 15, 'R6': 15}",,
02430615,0.763936883212968,0.14102156285036374,TimingFailure,"{'R0': 645, 'R1': 1106, 'R2': 596, 'R3': 870, 'R4': 6, 'R5': 0, 'R6': 0}","{'R0': 5479, 'R1': 5479, 'R2': 5479, 'R3': 5479, 'R4': 15, 'R5': 15, 'R6': 15}",,
02450250,0.5026815204433446,0.09848860150009996,TimingFailure,"{'R0': 182, 'R1': 544, 'R2': 8, 'R3': 1217, 'R4': 5, 'R5': 0, 'R6': 0}","{'R0': 5479, 'R1': 5479, 'R2': 5479, 'R3': 5479, 'R4': 15, 'R5': 15, 'R6': 15}",,
02464000,0.7062580633111454,0.1394050009125753,MagnitudeFailure,"{'R0': 636, 'R1': 1004, 'R2': 92, 'R3': 1423, 'R4': 6, 'R5': 0, 'R6': 0}","{'R0': 5479, 'R1': 5479, 'R2': 5479, 'R3': 5479, 'R4': 15, 'R5': 15, 'R6': 15}",,
02464146,0.5751111133163689,0.15922787439487568,TimingFailure,"{'R0': 759, 'R1': 1245, 'R2': 681, 'R3': 865, 'R4': 7, 'R5': 0, 'R6': 0}","{'R0': 5479, 'R1': 5479, 'R2': 5479, 'R3': 5479, 'R4': 15, 'R5': 15, 'R6': 15}",,
02464360,0.7234794384722361,0.17118347977993897,TimingFailure,"{'R0': 676, 'R1': 1119, 'R2': 645, 'R3': 838, 'R4': 9, 'R5': 0, 'R6': 0}","{'R0': 5479, 'R1': 5479, 'R2': 5479, 'R3': 5479, 'R4': 15, 'R5': 15, 'R6': 15}",,
02465493,0.6530386406625269,0.15600691818979825,MagnitudeFailure,"{'R0': 859, 'R1': 1398, 'R2': 914, 'R3': 986, 'R4': 5, 'R5': 0, 'R6': 0}","{'R0': 5479, 'R1': 5479, 'R2': 5479, 'R3': 5479, 'R4': 15, 'R5': 15, 'R6': 15}",,
02469800,0.759479905680141,0.1827653638568039,MagnitudeFailure,"{'R0': 1213, 'R1': 1519, 'R2': 537, 'R3': 1549, 'R4': 6, 'R5': 0, 'R6': 0}","{'R0': 5479, 'R1': 5479, 'R2': 5479, 'R3': 5479, 'R4': 15, 'R5': 15, 'R6': 15}",,
02472000,0.7558808779774857,0.12250236835015078,MagnitudeFailure,"{'R0': 443, 'R1': 670, 'R2': 274, 'R3': 1485, 'R4': 5, 'R5': 0, 'R6': 0}","{'R0': 5479, 'R1': 5479, 'R2': 5479, 'R3': 5479, 'R4': 15, 'R5': 15, 'R6': 15}",,
02472500,0.7830623490417632,0.08765589827827462,TimingFailure,"{'R0': 13, 'R1': 334, 'R2': 21, 'R3': 437, 'R4': 7, 'R5': 0, 'R6': 0}","{'R0': 5479, 'R1': 5479, 'R2': 5479, 'R3': 5479, 'R4': 15, 'R5': 15, 'R6': 15}",,
02479155,0.6765298694579565,0.11105085217149462,TimingFailure,"{'R0': 13, 'R1': 123, 'R2': 2, 'R3': 1199, 'R4': 8, 'R5': 0, 'R6': 0}","{'R0': 5479, 'R1': 5479, 'R2': 5479, 'R3': 5479, 'R4': 15, 'R5': 15, 'R6': 15}",,
02479300,0.8645440159258719,0.08207615223494034,TimingFailure,"{'R0': 12, 'R1': 265, 'R2': 23, 'R3': 291, 'R4': 7, 'R5': 0, 'R6': 0}","{'R0': 5479, 'R1': 5479, 'R2': 5479, 'R3': 5479, 'R4': 15, 'R5': 15, 'R6': 15}",,
02479560,0.8554581439350075,0.055851345831269175,TimingFailure,"{'R0': 26, 'R1': 164, 'R2': 4, 'R3': 487, 'R4': 4, 'R5': 0, 'R6': 0}","{'R0': 5479, 'R1': 5479, 'R2': 5479, 'R3': 5479, 'R4': 15, 'R5': 15, 'R6': 15}",,
02481000,0.6679600464045301,0.19946114602073717,TimingFailure,"{'R0': 0, 'R1': 891, 'R2': 0, 'R3': 2741, 'R4': 11, 'R5': 0, 'R6': 0}","{'R0': 5479, 'R1': 5479, 'R2': 5479, 'R3': 5479, 'R4': 15, 'R5': 15, 'R6': 15}",,
02481510,0.7015862540674773,0.11629164167948616,TimingFailure,"{'R0': 0, 'R1': 130, 'R2': 0, 'R3': 1408, 'R4': 8, 'R5': 0, 'R6': 0}","{'R0': 5479, 'R1': 5479, 'R2': 5479, 'R3': 5479, 'R4': 15, 'R5': 15, 'R6': 15}",,
03010655,0.8480173435680219,0.06205685778600544,TimingFailure,"{'R0': 0, 'R1': 60, 'R2': 0, 'R3': 859, 'R4': 4, 'R5': 0, 'R6': 0}","{'R0': 5479, 'R1': 5479, 'R2': 5479, 'R3': 5479, 'R4': 15, 'R5': 15, 'R6': 15}",,
03011800,0.8486678670500118,0.06587750632284307,TimingFailure,"{'R0': 0, 'R1': 10, 'R2': 0, 'R3': 325, 'R4': 6, 'R5': 0, 'R6': 0}","{'R0': 5479, 'R1': 5479, 'R2': 5479, 'R3': 5479, 'R4': 15, 'R5': 15, 'R6': 15}",,
03015500,0.7294498033988065,0.05494572349837908,TimingFailure,"{'R0': 32, 'R1': 109, 'R2': 5, 'R3': 135, 'R4': 5, 'R5': 0, 'R6': 0}","{'R0': 5479, 'R1': 5479, 'R2': 5479, 'R3': 5479, 'R4': 15, 'R5': 15, 'R6': 15}",,
03021350,0.40002094565313817,0.07633996471375555,TimingFailure,"{'R0': 15, 'R1': 105, 'R2': 0, 'R3': 251, 'R4': 7, 'R5': 0, 'R6': 0}","{'R0': 5479, 'R1': 5479, 'R2': 5479, 'R3': 5479, 'R4': 15, 'R5': 15, 'R6': 15}",,
03026500,0.8629562104884119,0.09574566092178795,TimingFailure,"{'R0': 0, 'R1': 25, 'R2': 0, 'R3': 725, 'R4': 8, 'R5': 0, 'R6': 0}","{'R0': 5479, 'R1': 5479, 'R2': 5479, 'R3': 5479, 'R4': 15, 'R5': 15, 'R6': 15}",,
03028000,0.8163782543603242,0.06405235574792063,TimingFailure,"{'R0': 0, 'R1': 6, 'R2': 0, 'R3': 259, 'R4': 6, 'R5': 0, 'R6': 0}","{'R0': 5479, 'R1': 5479, 'R2': 5479, 'R3': 5479, 'R4': 15, 'R5': 15, 'R6': 15}",,
03049000,0.7089808277270244,0.08363361405887415,TimingFailure,"{'R0': 26, 'R1': 122, 'R2': 0, 'R3': 868, 'R4': 6, 'R5': 0, 'R6': 0}","{'R0': 5479, 'R1': 5479, 'R2': 5479, 'R3': 5479, 'R4': 15, 'R5': 15, 'R6': 15}",,
03049800,0.40967144877284567,0.1677097621624039,TimingFailure,"{'R0': 6, 'R1': 564, 'R2': 2, 'R3': 2207, 'R4': 10, 'R5': 0, 'R6': 0}","{'R0': 5479, 'R1': 5478, 'R2': 5479, 'R3': 5478, 'R4': 15, 'R5': 15, 'R6': 15}",,
03050000,0.7031505151813561,0.10523470567274182,MagnitudeFailure,"{'R0': 0, 'R1': 591, 'R2': 0, 'R3': 1984, 'R4': 4, 'R5': 0, 'R6': 0}","{'R0': 5479, 'R1': 5479, 'R2': 5479, 'R3': 5479, 'R4': 15, 'R5': 15, 'R6': 15}",,
03066000,0.8371868292998845,0.06104694113454836,TimingFailure,"{'R0': 0, 'R1': 31, 'R2': 0, 'R3': 484, 'R4': 5, 'R5': 0, 'R6': 0}","{'R0': 5479, 'R1': 5479, 'R2': 5479, 'R3': 5479, 'R4': 15, 'R5': 15, 'R6': 15}",,
03069500,0.7230141451790669,0.05963896783389392,TimingFailure,"{'R0': 0, 'R1': 20, 'R2': 0, 'R3': 441, 'R4': 5, 'R5': 0, 'R6': 0}","{'R0': 5479, 'R1': 5479, 'R2': 5479, 'R3': 5479, 'R4': 15, 'R5': 15, 'R6': 15}",,
03070500,0.7429264132161575,0.12376954432073979,TimingFailure,"{'R0': 6, 'R1': 84, 'R2': 0, 'R3': 639, 'R4': 11, 'R5': 0, 'R6': 0}","{'R0': 5479, 'R1': 5479, 'R2': 5479, 'R3': 5479, 'R4': 15, 'R5': 15, 'R6': 15}",,
03076600,0.815189747418187,0.09088902215385151,TimingFailure,"{'R0': 0, 'R1': 53, 'R2': 0, 'R3': 876, 'R4': 7, 'R5': 0, 'R6': 0}","{'R0': 5479, 'R1': 5479, 'R2': 5479, 'R3': 5479, 'R4': 15, 'R5': 15, 'R6': 15}",,
03078000,0.7329061726562378,0.0692079715624158,TimingFailure,"{'R0': 2, 'R1': 47, 'R2': 0, 'R3': 779, 'R4': 5, 'R5': 0, 'R6': 0}","{'R0': 5479, 'R1': 5479, 'R2': 5479, 'R3': 5479, 'R4': 15, 'R5': 15, 'R6': 15}",,
03140000,0.6553949960132032,0.11964818049870066,TimingFailure,"{'R0': 323, 'R1': 488, 'R2': 44, 'R3': 1177, 'R4': 7, 'R5': 0, 'R6': 0}","{'R0': 5479, 'R1': 5479, 'R2': 5479, 'R3': 5479, 'R4': 15, 'R5': 15, 'R6': 15}",,
03144000,0.5810026356070319,0.0918137651118122,TimingFailure,"{'R0': 363, 'R1': 499, 'R2': 16, 'R3': 817, 'R4': 5, 'R5': 0, 'R6': 0}","{'R0': 5479, 'R1': 5479, 'R2': 5479, 'R3': 5479, 'R4': 15, 'R5': 15, 'R6': 15}",,
03159540,0.7411270978012179,0.22792287050778967,MagnitudeFailure,"{'R0': 1237, 'R1': 1621, 'R2': 157, 'R3': 2057, 'R4': 10, 'R5': 0, 'R6': 0}","{'R0': 5479, 'R1': 5454, 'R2': 5479, 'R3': 5454, 'R4': 15, 'R5': 15, 'R6': 15}",,
03161000,0.8184877947574003,0.07686838926116167,TimingFailure,"{'R0': 0, 'R1': 0, 'R2': 0, 'R3': 26, 'R4': 8, 'R5': 0, 'R6': 0}","{'R0': 5479, 'R1': 5479, 'R2': 5479, 'R3': 5479, 'R4': 15, 'R5': 15, 'R6': 15}",,
03164000,0.7857061358039233,0.03874707758628182,TimingFailure,"{'R0': 0, 'R1': 11, 'R2': 0, 'R3': 14, 'R4': 4, 'R5': 0, 'R6': 0}","{'R0': 5479, 'R1': 5479, 'R2': 5479, 'R3': 5479, 'R4': 15, 'R5': 15, 'R6': 15}",,
03165000,0.5049052455112948,0.09025108857195005,TimingFailure,"{'R0': 0, 'R1': 164, 'R2': 0, 'R3': 10, 'R4': 9, 'R5': 0, 'R6': 0}","{'R0': 5479, 'R1': 5479, 'R2': 5479, 'R3': 5479, 'R4': 15, 'R5': 15, 'R6': 15}",,
03170000,0.8400787957827414,0.07258536924534369,TimingFailure,"{'R0': 7, 'R1': 65, 'R2': 11, 'R3': 144, 'R4': 7, 'R5': 0, 'R6': 0}","{'R0': 5479, 'R1': 5479, 'R2': 5479, 'R3': 5479, 'R4': 15, 'R5': 15, 'R6': 15}",,
03173000,0.833017333611436,0.14712451872517576,TimingFailure,"{'R0': 269, 'R1': 727, 'R2': 353, 'R3': 641, 'R4': 10, 'R5': 0, 'R6': 0}","{'R0': 5479, 'R1': 5479, 'R2': 5479, 'R3': 5479, 'R4': 15, 'R5': 15, 'R6': 15}",,
03180500,0.7897826654337456,0.11339747433925204,TimingFailure,"{'R0': 0, 'R1': 138, 'R2': 0, 'R3': 1289, 'R4': 8, 'R5': 0, 'R6': 0}","{'R0': 5479, 'R1': 5479, 'R2': 5479, 'R3': 5479, 'R4': 15, 'R5': 15, 'R6': 15}",,
03182500,0.7393074810123987,0.08399864417385863,TimingFailure,"{'R0': 0, 'R1': 28, 'R2': 0, 'R3': 1002, 'R4': 6, 'R5': 0, 'R6': 0}","{'R0': 5479, 'R1': 5479, 'R2': 5479, 'R3': 5479, 'R4': 15, 'R5': 15, 'R6': 15}",,
03186500,0.7593067561861474,0.09930383542356529,TimingFailure,"{'R0': 0, 'R1': 353, 'R2': 0, 'R3': 1264, 'R4': 6, 'R5': 0, 'R6': 0}","{'R0': 5479, 'R1': 5479, 'R2': 5479, 'R3': 5479, 'R4': 15, 'R5': 15, 'R6': 15}",,
03187500,0.70730126373838,0.11209379535716457,TimingFailure,"{'R0': 0, 'R1': 316, 'R2': 0, 'R3': 1061, 'R4': 8, 'R5': 0, 'R6': 0}","{'R0': 5479, 'R1': 5479, 'R2': 5479, 'R3': 5479, 'R4': 15, 'R5': 15, 'R6': 15}",,
03213700,0.8548825392245689,0.10092735031592488,TimingFailure,"{'R0': 179, 'R1': 462, 'R2': 151, 'R3': 522, 'R4': 7, 'R5': 0, 'R6': 0}","{'R0': 5479, 'R1': 5479, 'R2': 5479, 'R3': 5479, 'R4': 15, 'R5': 15, 'R6': 15}",,
03237280,0.5656878054132155,0.19249440344558202,MagnitudeFailure,"{'R0': 754, 'R1': 1430, 'R2': 38, 'R3': 1946, 'R4': 8, 'R5': 0, 'R6': 0}","{'R0': 5479, 'R1': 5042, 'R2': 5479, 'R3': 5042, 'R4': 15, 'R5': 15, 'R6': 15}",,
03237500,0.5793439044819848,0.16259831912323244,MagnitudeFailure,"{'R0': 192, 'R1': 984, 'R2': 1, 'R3': 2137, 'R4': 8, 'R5': 0, 'R6': 0}","{'R0': 5479, 'R1': 5479, 'R2': 5479, 'R3': 5479, 'R4': 15, 'R5': 15, 'R6': 15}",,
03238500,0.6536323337449989,0.174587205688934,MagnitudeFailure,"{'R0': 47, 'R1': 1071, 'R2': 9, 'R3': 2790, 'R4': 7, 'R5': 0, 'R6': 0}","{'R0': 5479, 'R1': 5181, 'R2': 5479, 'R3': 5181, 'R4': 15, 'R5': 15, 'R6': 15}",,
03241500,0.7288958596252424,0.09268809914913219,TimingFailure,"{'R0': 6, 'R1': 110, 'R2': 7, 'R3': 875, 'R4': 7, 'R5': 0, 'R6': 0}","{'R0': 5479, 'R1': 5479, 'R2': 5479, 'R3': 5479, 'R4': 15, 'R5': 15, 'R6': 15}",,
03280700,0.6442338636964976,0.11549552838109145,MagnitudeFailure,"{'R0': 35, 'R1': 334, 'R2': 0, 'R3': 1869, 'R4': 6, 'R5': 0, 'R6': 0}","{'R0': 5479, 'R1': 5479, 'R2': 5479, 'R3': 5479, 'R4': 15, 'R5': 15, 'R6': 15}",,
03281100,-2.456161500464798,0.141088933225078,TimingFailure,"{'R0': 16, 'R1': 391, 'R2': 39, 'R3': 1394, 'R4': 8, 'R5': 0, 'R6': 0}","{'R0': 5479, 'R1': 4018, 'R2': 5479, 'R3': 4018, 'R4': 15, 'R5': 15, 'R6': 15}",,
03281500,0.8009117128408034,0.12126320224515329,TimingFailure,"{'R0': 126, 'R1': 493, 'R2': 5, 'R3': 1466, 'R4': 7, 'R5': 0, 'R6': 0}","{'R0': 5479, 'R1': 5468, 'R2': 5479, 'R3': 5468, 'R4': 15, 'R5': 15, 'R6': 15}",,
03285000,0.6530737377850144,0.15074005510216498,MagnitudeFailure,"{'R0': 17, 'R1': 1384, 'R2': 2, 'R3': 2552, 'R4': 5, 'R5': 0, 'R6': 0}","{'R0': 5479, 'R1': 5479, 'R2': 5479, 'R3': 5479, 'R4': 15, 'R5': 15, 'R6': 15}",,
03291780,0.6840558018876017,0.14886981883448316,MagnitudeFailure,"{'R0': 0, 'R1': 1237, 'R2': 0, 'R3': 2713, 'R4': 4, 'R5': 0, 'R6': 0}","{'R0': 5479, 'R1': 5094, 'R2': 5479, 'R3': 5094, 'R4': 15, 'R5': 15, 'R6': 15}",,
03300400,0.7247410496657568,0.17354927827504207,MagnitudeFailure,"{'R0': 804, 'R1': 1606, 'R2': 12, 'R3': 2634, 'R4': 4, 'R5': 0, 'R6': 0}","{'R0': 5479, 'R1': 5305, 'R2': 5479, 'R3': 5305, 'R4': 15, 'R5': 15, 'R6': 15}",,
03338780,0.6604123706551948,0.11230759871022691,MagnitudeFailure,"{'R0': 66, 'R1': 619, 'R2': 1, 'R3': 1795, 'R4': 5, 'R5': 0, 'R6': 0}","{'R0': 5479, 'R1': 5479, 'R2': 5479, 'R3': 5479, 'R4': 15, 'R5': 15, 'R6': 15}",,
03340800,0.6725157227542105,0.19343119616892204,TimingFailure,"{'R0': 287, 'R1': 1157, 'R2': 7, 'R3': 2315, 'R4': 10, 'R5': 0, 'R6': 0}","{'R0': 5479, 'R1': 5479, 'R2': 5479, 'R3': 5479, 'R4': 15, 'R5': 15, 'R6': 15}",,
03346000,0.6454394218614918,0.20102382256059936,MagnitudeFailure,"{'R0': 105, 'R1': 1653, 'R2': 0, 'R3': 3395, 'R4': 7, 'R5': 0, 'R6': 0}","{'R0': 5479, 'R1': 5479, 'R2': 5479, 'R3': 5479, 'R4': 15, 'R5': 15, 'R6': 15}",,
03357350,0.626084069103825,0.16085530895067604,MagnitudeFailure,"{'R0': 247, 'R1': 916, 'R2': 8, 'R3': 1725, 'R4': 8, 'R5': 0, 'R6': 0}","{'R0': 5479, 'R1': 4836, 'R2': 5479, 'R3': 4836, 'R4': 15, 'R5': 15, 'R6': 15}",,
03364500,0.6966570057821191,0.12026222248884709,MagnitudeFailure,"{'R0': 47, 'R1': 913, 'R2': 23, 'R3': 2039, 'R4': 4, 'R5': 0, 'R6': 0}","{'R0': 5479, 'R1': 5249, 'R2': 5479, 'R3': 5249, 'R4': 15, 'R5': 15, 'R6': 15}",,
03366500,0.6958200438824009,0.15568708227952616,MagnitudeFailure,"{'R0': 3, 'R1': 1574, 'R2': 3, 'R3': 2930, 'R4': 4, 'R5': 0, 'R6': 0}","{'R0': 5479, 'R1': 5479, 'R2': 5479, 'R3': 5479, 'R4': 15, 'R5': 15, 'R6': 15}",,
03368000,0.5456216040913902,0.17263686547570817,MagnitudeFailure,"{'R0': 5, 'R1': 1706, 'R2': 3, 'R3': 3006, 'R4': 4, 'R5': 0, 'R6': 0}","{'R0': 5479, 'R1': 5011, 'R2': 5479, 'R3': 5011, 'R4': 15, 'R5': 15, 'R6': 15}",,
03384450,0.5635497465143933,0.1693550610748063,MagnitudeFailure,"{'R0': 0, 'R1': 1642, 'R2': 0, 'R3': 2773, 'R4': 5, 'R5': 0, 'R6': 0}","{'R0': 5479, 'R1': 5181, 'R2': 5479, 'R3': 5181, 'R4': 15, 'R5': 15, 'R6': 15}",,
03439000,0.8588487274818641,0.04119799407260623,TimingFailure,"{'R0': 0, 'R1': 2, 'R2': 0, 'R3': 117, 'R4': 4, 'R5': 0, 'R6': 0}","{'R0': 5479, 'R1': 5479, 'R2': 5479, 'R3': 5479, 'R4': 15, 'R5': 15, 'R6': 15}",,
03450000,0.5905566491424155,0.07948791489583605,TimingFailure,"{'R0': 0, 'R1': 66, 'R2': 0, 'R3': 791, 'R4': 6, 'R5': 0, 'R6': 0}","{'R0': 5479, 'R1': 5479, 'R2': 5479, 'R3': 5479, 'R4': 15, 'R5': 15, 'R6': 15}",,
03455500,0.7176161665163175,0.09410302540435776,TimingFailure,"{'R0': 0, 'R1': 5, 'R2': 0, 'R3': 682, 'R4': 8, 'R5': 0, 'R6': 0}","{'R0': 5479, 'R1': 5479, 'R2': 5479, 'R3': 5479, 'R4': 15, 'R5': 15, 'R6': 15}",,
03456500,0.6298213924879557,0.05489357633909559,TimingFailure,"{'R0': 0, 'R1': 7, 'R2': 0, 'R3': 272, 'R4': 5, 'R5': 0, 'R6': 0}","{'R0': 5479, 'R1': 5479, 'R2': 5479, 'R3': 5479, 'R4': 15, 'R5': 15, 'R6': 15}",,
03460000,0.6914967065725113,0.06739672689663564,TimingFailure,"{'R0': 0, 'R1': 2, 'R2': 0, 'R3': 26, 'R4': 7, 'R5': 0, 'R6': 0}","{'R0': 5479, 'R1': 5479, 'R2': 5479, 'R3': 5479, 'R4': 15, 'R5': 15, 'R6': 15}",,
03463300,0.3703529028211433,0.06433916512397987,TimingFailure,"{'R0': 0, 'R1': 22, 'R2': 0, 'R3': 254, 'R4': 6, 'R5': 0, 'R6': 0}","{'R0': 5479, 'R1': 5479, 'R2': 5479, 'R3': 5479, 'R4': 15, 'R5': 15, 'R6': 15}",,
03471500,0.8382135269220532,0.08208310518951147,TimingFailure,"{'R0': 0, 'R1': 9, 'R2': 0, 'R3': 217, 'R4': 8, 'R5': 0, 'R6': 0}","{'R0': 5479, 'R1': 5479, 'R2': 5479, 'R3': 5479, 'R4': 15, 'R5': 15, 'R6': 15}",,
03473000,0.8052594606758248,0.06807463996732112,TimingFailure,"{'R0': 0, 'R1': 3, 'R2': 0, 'R3': 51, 'R4': 7, 'R5': 0, 'R6': 0}","{'R0': 5479, 'R1': 5479, 'R2': 5479, 'R3': 5479, 'R4': 15, 'R5': 15, 'R6': 15}",,
03479000,0.6732776052505175,0.051608305304235214,TimingFailure,"{'R0': 0, 'R1': 1, 'R2': 0, 'R3': 152, 'R4': 5, 'R5': 0, 'R6': 0}","{'R0': 5479, 'R1': 5479, 'R2': 5479, 'R3': 5479, 'R4': 15, 'R5': 15, 'R6': 15}",,
03488000,0.8154281305327657,0.10777948704577651,TimingFailure,"{'R0': 0, 'R1': 41, 'R2': 0, 'R3': 440, 'R4': 10, 'R5': 0, 'R6': 0}","{'R0': 5479, 'R1': 5479, 'R2': 5479, 'R3': 5479, 'R4': 15, 'R5': 15, 'R6': 15}",,
03498500,0.5931762034782615,0.05792506453210961,TimingFailure,"{'R0': 0, 'R1': 3, 'R2': 0, 'R3': 27, 'R4': 6, 'R5': 0, 'R6': 0}","{'R0': 5479, 'R1': 5479, 'R2': 5479, 'R3': 5479, 'R4': 15, 'R5': 15, 'R6': 15}",,
03500000,0.8461437903200565,0.06890899451585708,TimingFailure,"{'R0': 1, 'R1': 2, 'R2': 2, 'R3': 81, 'R4': 7, 'R5': 0, 'R6': 0}","{'R0': 5479, 'R1': 5479, 'R2': 5479, 'R3': 5479, 'R4': 15, 'R5': 15, 'R6': 15}",,
03500240,0.6903027097378971,0.060584569655568014,TimingFailure,"{'R0': 3, 'R1': 5, 'R2': 3, 'R3': 121, 'R4': 6, 'R5': 0, 'R6': 0}","{'R0': 5479, 'R1': 5479, 'R2': 5479, 'R3': 5479, 'R4': 15, 'R5': 15, 'R6': 15}",,
03504000,0.7476307026254345,0.038773151165923565,TimingFailure,"{'R0': 0, 'R1': 4, 'R2': 1, 'R3': 21, 'R4': 4, 'R5': 0, 'R6': 0}","{'R0': 5479, 'R1': 5479, 'R2': 5479, 'R3': 5479, 'R4': 15, 'R5': 15, 'R6': 15}",,
03574500,0.4118522561117727,0.10388583248594199,MagnitudeFailure,"{'R0': 0, 'R1': 525, 'R2': 0, 'R3': 1633, 'R4': 5, 'R5': 0, 'R6': 0}","{'R0': 5479, 'R1': 5479, 'R2': 5479, 'R3': 5479, 'R4': 15, 'R5': 15, 'R6': 15}",,
03592718,0.6325866937015798,0.08172328979045533,TimingFailure,"{'R0': 220, 'R1': 396, 'R2': 122, 'R3': 570, 'R4': 5, 'R5': 0, 'R6': 0}","{'R0': 5479, 'R1': 5479, 'R2': 5479, 'R3': 5479, 'R4': 15, 'R5': 15, 'R6': 15}",,
03604000,0.6272030959556525,0.026191779869458278,TimingFailure,"{'R0': 0, 'R1': 233, 'R2': 0, 'R3': 41, 'R4': 2, 'R5': 0, 'R6': 0}","{'R0': 5479, 'R1': 5479, 'R2': 5479, 'R3': 5479, 'R4': 15, 'R5': 15, 'R6': 15}",,
04015330,0.6789200960026882,0.15143622450704036,TimingFailure,"{'R0': 174, 'R1': 676, 'R2': 14, 'R3': 1623, 'R4': 9, 'R5': 0, 'R6': 0}","{'R0': 5479, 'R1': 5400, 'R2': 5479, 'R3': 5400, 'R4': 15, 'R5': 15, 'R6': 15}",,
04024430,0.6786605917665237,0.09267419323998992,TimingFailure,"{'R0': 129, 'R1': 278, 'R2': 167, 'R3': 1154, 'R4': 5, 'R5': 0, 'R6': 0}","{'R0': 5479, 'R1': 5479, 'R2': 5479, 'R3': 5479, 'R4': 15, 'R5': 15, 'R6': 15}",,
04027000,0.7877748950969271,0.055903492990552674,TimingFailure,"{'R0': 15, 'R1': 68, 'R2': 23, 'R3': 577, 'R4': 4, 'R5': 0, 'R6': 0}","{'R0': 5479, 'R1': 5479, 'R2': 5479, 'R3': 5479, 'R4': 15, 'R5': 15, 'R6': 15}",,
04040500,0.8240297083133171,0.07993116574974578,TimingFailure,"{'R0': 0, 'R1': 29, 'R2': 0, 'R3': 845, 'R4': 6, 'R5': 0, 'R6': 0}","{'R0': 5479, 'R1': 5479, 'R2': 5479, 'R3': 5479, 'R4': 15, 'R5': 15, 'R6': 15}",,
04043050,0.6591904709985663,0.10556323277622784,TimingFailure,"{'R0': 0, 'R1': 5, 'R2': 0, 'R3': 391, 'R4': 10, 'R5': 0, 'R6': 0}","{'R0': 5479, 'R1': 5479, 'R2': 5479, 'R3': 5479, 'R4': 15, 'R5': 15, 'R6': 15}",,
04045500,0.735304772426568,0.05909142266141719,TimingFailure,"{'R0': 0, 'R1': 2, 'R2': 0, 'R3': 438, 'R4': 5, 'R5': 0, 'R6': 0}","{'R0': 5479, 'R1': 5479, 'R2': 5479, 'R3': 5479, 'R4': 15, 'R5': 15, 'R6': 15}",,
04056500,0.7800291384990672,0.09207623914687248,TimingFailure,"{'R0': 0, 'R1': 0, 'R2': 0, 'R3': 244, 'R4': 9, 'R5': 0, 'R6': 0}","{'R0': 5479, 'R1': 5479, 'R2': 5479, 'R3': 5479, 'R4': 15, 'R5': 15, 'R6': 15}",,
04057510,0.7577010613607232,0.08056388461571888,TimingFailure,"{'R0': 1, 'R1': 29, 'R2': 2, 'R3': 501, 'R4': 7, 'R5': 0, 'R6': 0}","{'R0': 5479, 'R1': 5479, 'R2': 5479, 'R3': 5479, 'R4': 15, 'R5': 15, 'R6': 15}",,
04057800,0.8740609195836264,0.03748859280890674,TimingFailure,"{'R0': 4, 'R1': 63, 'R2': 9, 'R3': 266, 'R4': 3, 'R5': 0, 'R6': 0}","{'R0': 5479, 'R1': 5479, 'R2': 5479, 'R3': 5479, 'R4': 15, 'R5': 15, 'R6': 15}",,
04059500,0.849563428914744,0.06622863052868529,TimingFailure,"{'R0': 92, 'R1': 190, 'R2': 44, 'R3': 753, 'R4': 4, 'R5': 0, 'R6': 0}","{'R0': 5479, 'R1': 5479, 'R2': 5479, 'R3': 5479, 'R4': 15, 'R5': 15, 'R6': 15}",,
04063700,0.8210214350277782,0.09906395849086122,TimingFailure,"{'R0': 20, 'R1': 76, 'R2': 31, 'R3': 385, 'R4': 9, 'R5': 0, 'R6': 0}","{'R0': 5479, 'R1': 5479, 'R2': 5479, 'R3': 5479, 'R4': 15, 'R5': 15, 'R6': 15}",,
04074950,0.8429234995228684,0.058185800328527104,TimingFailure,"{'R0': 0, 'R1': 0, 'R2': 0, 'R3': 40, 'R4': 6, 'R5': 0, 'R6': 0}","{'R0': 5479, 'R1': 5479, 'R2': 5479, 'R3': 5479, 'R4': 15, 'R5': 15, 'R6': 15}",,
04105700,0.7047030362986191,0.0886866737934451,TimingFailure,"{'R0': 0, 'R1': 0, 'R2': 0, 'R3': 114, 'R4': 9, 'R5': 0, 'R6': 0}","{'R0': 5479, 'R1': 5479, 'R2': 5479, 'R3': 5479, 'R4': 15, 'R5': 15, 'R6': 15}",,
04115265,0.6306407206957839,0.09585690819492608,TimingFailure,"{'R0': 0, 'R1': 2, 'R2': 0, 'R3': 387, 'R4': 9, 'R5': 0, 'R6': 0}","{'R0': 5479, 'R1': 5479, 'R2': 5479, 'R3': 5479, 'R4': 15, 'R5': 15, 'R6': 15}",,
04122200,0.6845297101983738,0.07806777392468212,TimingFailure,"{'R0': 0, 'R1': 0, 'R2': 0, 'R3': 72, 'R4': 8, 'R5': 0, 'R6': 0}","{'R0': 5479, 'R1': 5479, 'R2': 5479, 'R3': 5479, 'R4': 15, 'R5': 15, 'R6': 15}",,
04122500,0.7427410759689628,0.07738986085399666,TimingFailure,"{'R0': 0, 'R1': 0, 'R2': 0, 'R3': 46, 'R4': 8, 'R5': 0, 'R6': 0}","{'R0': 5479, 'R1': 5479, 'R2': 5479, 'R3': 5479, 'R4': 15, 'R5': 15, 'R6': 15}",,
04124000,0.8237325750579021,0.07619047619047618,TimingFailure,"{'R0': 0, 'R1': 0, 'R2': 0, 'R3': 0, 'R4': 8, 'R5': 0, 'R6': 0}","{'R0': 5479, 'R1': 5479, 'R2': 5479, 'R3': 5479, 'R4': 15, 'R5': 15, 'R6': 15}",,
04127918,0.7593783450824435,0.09812530962375823,TimingFailure,"{'R0': 0, 'R1': 15, 'R2': 0, 'R3': 461, 'R4': 9, 'R5': 0, 'R6': 0}","{'R0': 5479, 'R1': 5479, 'R2': 5479, 'R3': 5479, 'R4': 15, 'R5': 15, 'R6': 15}",,
04127997,0.6945097500292708,0.08584465361249446,TimingFailure,"{'R0': 0, 'R1': 0, 'R2': 0, 'R3': 5, 'R4': 9, 'R5': 0, 'R6': 0}","{'R0': 5479, 'R1': 5479, 'R2': 5479, 'R3': 5479, 'R4': 15, 'R5': 15, 'R6': 15}",,
04161580,0.6020440166005163,0.10449247777227336,TimingFailure,"{'R0': 0, 'R1': 183, 'R2': 0, 'R3': 1633, 'R4': 6, 'R5': 0, 'R6': 0}","{'R0': 5479, 'R1': 5479, 'R2': 5479, 'R3': 5479, 'R4': 15, 'R5': 15, 'R6': 15}",,
04185000,0.8012843210254944,0.09333124744696199,MagnitudeFailure,"{'R0': 581, 'R1': 893, 'R2': 144, 'R3': 1231, 'R4': 2, 'R5': 0, 'R6': 0}","{'R0': 5479, 'R1': 5479, 'R2': 5479, 'R3': 5479, 'R4': 15, 'R5': 15, 'R6': 15}",,
04196800,0.6520988041107589,0.1984755647102791,MagnitudeFailure,"{'R0': 856, 'R1': 1547, 'R2': 75, 'R3': 2212, 'R4': 8, 'R5': 0, 'R6': 0}","{'R0': 5479, 'R1': 5479, 'R2': 5479, 'R3': 5479, 'R4': 15, 'R5': 15, 'R6': 15}",,
04197100,0.7214978218338269,0.17894645355860903,MagnitudeFailure,"{'R0': 361, 'R1': 1184, 'R2': 7, 'R3': 2389, 'R4': 8, 'R5': 0, 'R6': 0}","{'R0': 5479, 'R1': 5479, 'R2': 5479, 'R3': 5479, 'R4': 15, 'R5': 15, 'R6': 15}",,
04197170,0.609915214421115,0.19691810288634523,MagnitudeFailure,"{'R0': 615, 'R1': 1241, 'R2': 74, 'R3': 2335, 'R4': 9, 'R5': 0, 'R6': 0}","{'R0': 5479, 'R1': 5479, 'R2': 5479, 'R3': 5479, 'R4': 15, 'R5': 15, 'R6': 15}",,
04213000,0.43845457628645423,0.09723706967729598,TimingFailure,"{'R0': 365, 'R1': 547, 'R2': 7, 'R3': 984, 'R4': 5, 'R5': 0, 'R6': 0}","{'R0': 5479, 'R1': 5479, 'R2': 5479, 'R3': 5479, 'R4': 15, 'R5': 15, 'R6': 15}",,
04213075,0.25010558902990865,0.11189911262917285,TimingFailure,"{'R0': 43, 'R1': 291, 'R2': 23, 'R3': 282, 'R4': 10, 'R5': 0, 'R6': 0}","{'R0': 5479, 'R1': 5479, 'R2': 5479, 'R3': 5479, 'R4': 15, 'R5': 15, 'R6': 15}",,
04216418,0.7599045275276828,0.08635221929618718,TimingFailure,"{'R0': 30, 'R1': 108, 'R2': 0, 'R3': 617, 'R4': 7, 'R5': 0, 'R6': 0}","{'R0': 5479, 'R1': 5479, 'R2': 5479, 'R3': 5479, 'R4': 15, 'R5': 15, 'R6': 15}",,
04221000,0.8563473394823511,0.03171937875350907,TimingFailure,"{'R0': 3, 'R1': 23, 'R2': 0, 'R3': 460, 'R4': 2, 'R5': 0, 'R6': 0}","{'R0': 5479, 'R1': 5479, 'R2': 5479, 'R3': 5479, 'R4': 15, 'R5': 15, 'R6': 15}",,
04224775,0.713642814718655,0.05439122537133123,TimingFailure,"{'R0': 39, 'R1': 100, 'R2': 1, 'R3': 485, 'R4': 4, 'R5': 0, 'R6': 0}","{'R0': 5479, 'R1': 5479, 'R2': 5479, 'R3': 5479, 'R4': 15, 'R5': 15, 'R6': 15}",,
04233000,0.8449760487392569,0.07126778435411397,TimingFailure,"{'R0': 69, 'R1': 223, 'R2': 34, 'R3': 581, 'R4': 5, 'R5': 0, 'R6': 0}","{'R0': 5479, 'R1': 5479, 'R2': 5479, 'R3': 5479, 'R4': 15, 'R5': 15, 'R6': 15}",,
04256000,0.7573050286034113,0.06958690758654255,TimingFailure,"{'R0': 0, 'R1': 10, 'R2': 0, 'R3': 102, 'R4': 7, 'R5': 0, 'R6': 0}","{'R0': 5479, 'R1': 5479, 'R2': 5479, 'R3': 5479, 'R4': 15, 'R5': 15, 'R6': 15}",,
04296000,0.852132340183732,0.07297647293996992,TimingFailure,"{'R0': 0, 'R1': 5, 'R2': 0, 'R3': 237, 'R4': 7, 'R5': 0, 'R6': 0}","{'R0': 5479, 'R1': 5479, 'R2': 5479, 'R3': 5479, 'R4': 15, 'R5': 15, 'R6': 15}",,
05056000,0.008692340893546868,0.35143882703656387,MagnitudeFailure,"{'R0': 1897, 'R1': 2912, 'R2': 1267, 'R3': 2289, 'R4': 14, 'R5': 0, 'R6': 0}","{'R0': 5479, 'R1': 5479, 'R2': 5479, 'R3': 5479, 'R4': 15, 'R5': 15, 'R6': 15}",,
05057000,0.11478807947281355,0.3090553542095794,TimingFailure,"{'R0': 1450, 'R1': 2549, 'R2': 1687, 'R3': 1784, 'R4': 12, 'R5': 0, 'R6': 0}","{'R0': 5479, 'R1': 5479, 'R2': 5479, 'R3': 5479, 'R4': 15, 'R5': 15, 'R6': 15}",,
05057200,0.057239868834817464,0.364767640949426,MagnitudeFailure,"{'R0': 2433, 'R1': 3062, 'R2': 1475, 'R3': 3002, 'R4': 10, 'R5': 0, 'R6': 1}","{'R0': 5479, 'R1': 5479, 'R2': 5479, 'R3': 5479, 'R4': 15, 'R5': 15, 'R6': 15}",,
05062500,0.23985157153825942,0.2955096559101067,TimingFailure,"{'R0': 1461, 'R1': 2481, 'R2': 1430, 'R3': 1577, 'R4': 12, 'R5': 0, 'R6': 0}","{'R0': 5479, 'R1': 5477, 'R2': 5479, 'R3': 5477, 'R4': 15, 'R5': 15, 'R6': 15}",,
05087500,0.025869587514198877,0.2475039658746146,MagnitudeFailure,"{'R0': 883, 'R1': 2077, 'R2': 246, 'R3': 2267, 'R4': 11, 'R5': 0, 'R6': 0}","{'R0': 5479, 'R1': 5477, 'R2': 5479, 'R3': 5477, 'R4': 15, 'R5': 15, 'R6': 15}",,
05120500,0.06363971960451575,0.457096798729102,MagnitudeFailure,"{'R0': 2853, 'R1': 3816, 'R2': 1871, 'R3': 3640, 'R4': 12, 'R5': 0, 'R6': 2}","{'R0': 5479, 'R1': 5310, 'R2': 5479, 'R3': 5310, 'R4': 15, 'R5': 15, 'R6': 15}",,
05123400,0.08457673542721778,0.43294220035986475,MagnitudeFailure,"{'R0': 3110, 'R1': 2169, 'R2': 936, 'R3': 1978, 'R4': 14, 'R5': 0, 'R6': 2}","{'R0': 5479, 'R1': 3384, 'R2': 5479, 'R3': 3384, 'R4': 15, 'R5': 15, 'R6': 15}",,
05129115,0.734857357318423,0.15895670916660148,TimingFailure,"{'R0': 0, 'R1': 154, 'R2': 0, 'R3': 1194, 'R4': 13, 'R5': 0, 'R6': 0}","{'R0': 5479, 'R1': 5479, 'R2': 5479, 'R3': 5479, 'R4': 15, 'R5': 15, 'R6': 15}",,
05131500,0.7187136332516819,0.1453775888891786,TimingFailure,"{'R0': 169, 'R1': 446, 'R2': 105, 'R3': 1203, 'R4': 10, 'R5': 0, 'R6': 0}","{'R0': 5479, 'R1': 5479, 'R2': 5479, 'R3': 5479, 'R4': 15, 'R5': 15, 'R6': 15}",,
05291000,0.24659617201386086,0.2882729729964627,MagnitudeFailure,"{'R0': 1729, 'R1': 2553, 'R2': 1401, 'R3': 2451, 'R4': 7, 'R5': 0, 'R6': 1}","{'R0': 5479, 'R1': 5479, 'R2': 5479, 'R3': 5479, 'R4': 15, 'R5': 15, 'R6': 15}",,
05362000,0.6788099953481449,0.08674158475217063,MagnitudeFailure,"{'R0': 0, 'R1': 188, 'R2': 0, 'R3': 2043, 'R4': 3, 'R5': 0, 'R6': 0}","{'R0': 5479, 'R1': 5479, 'R2': 5479, 'R3': 5479, 'R4': 15, 'R5': 15, 'R6': 15}",,
05393500,0.6374128657878972,0.07360050061272913,MagnitudeFailure,"{'R0': 0, 'R1': 162, 'R2': 0, 'R3': 1565, 'R4': 3, 'R5': 0, 'R6': 0}","{'R0': 5479, 'R1': 5479, 'R2': 5479, 'R3': 5479, 'R4': 15, 'R5': 15, 'R6': 15}",,
05399500,0.5697994021778204,0.1763582162195048,MagnitudeFailure,"{'R0': 0, 'R1': 753, 'R2': 0, 'R3': 3454, 'R4': 7, 'R5': 0, 'R6': 0}","{'R0': 5479, 'R1': 5479, 'R2': 5479, 'R3': 5479, 'R4': 15, 'R5': 15, 'R6': 15}",,
05408000,0.8020625039563509,0.06825715502481336,TimingFailure,"{'R0': 0, 'R1': 0, 'R2': 0, 'R3': 61, 'R4': 7, 'R5': 0, 'R6': 0}","{'R0': 5479, 'R1': 5479, 'R2': 5479, 'R3': 5479, 'R4': 15, 'R5': 15, 'R6': 15}",,
05412500,0.7938258114238834,0.0727609313482648,TimingFailure,"{'R0': 0, 'R1': 16, 'R2': 0, 'R3': 583, 'R4': 6, 'R5': 0, 'R6': 0}","{'R0': 5479, 'R1': 5479, 'R2': 5479, 'R3': 5479, 'R4': 15, 'R5': 15, 'R6': 15}",,
05413500,0.6833278553933224,0.050487141379640006,TimingFailure,"{'R0': 0, 'R1': 8, 'R2': 0, 'R3': 102, 'R4': 5, 'R5': 0, 'R6': 0}","{'R0': 5479, 'R1': 5479, 'R2': 5479, 'R3': 5479, 'R4': 15, 'R5': 15, 'R6': 15}",,
05414000,0.6070689512571932,0.07908464353071033,TimingFailure,"{'R0': 0, 'R1': 10, 'R2': 0, 'R3': 101, 'R4': 8, 'R5': 0, 'R6': 0}","{'R0': 5479, 'R1': 5479, 'R2': 5479, 'R3': 5479, 'R4': 15, 'R5': 15, 'R6': 15}",,
05444000,0.6735043071053203,0.10245352384428859,TimingFailure,"{'R0': 0, 'R1': 55, 'R2': 0, 'R3': 587, 'R4': 9, 'R5': 0, 'R6': 0}","{'R0': 5479, 'R1': 5479, 'R2': 5479, 'R3': 5479, 'R4': 15, 'R5': 15, 'R6': 15}",,
05454000,0.6620356742870158,0.11940011184824459,MagnitudeFailure,"{'R0': 118, 'R1': 907, 'R2': 3, 'R3': 1701, 'R4': 5, 'R5': 0, 'R6': 0}","{'R0': 5479, 'R1': 5429, 'R2': 5479, 'R3': 5429, 'R4': 15, 'R5': 15, 'R6': 15}",,
05458000,0.5752427241864508,0.10650014340468804,TimingFailure,"{'R0': 15, 'R1': 210, 'R2': 16, 'R3': 1652, 'R4': 6, 'R5': 0, 'R6': 0}","{'R0': 5479, 'R1': 5479, 'R2': 5479, 'R3': 5479, 'R4': 15, 'R5': 15, 'R6': 15}",,
05466500,0.7354746667975582,0.12897035433994733,TimingFailure,"{'R0': 120, 'R1': 344, 'R2': 35, 'R3': 1160, 'R4': 9, 'R5': 0, 'R6': 0}","{'R0': 5479, 'R1': 5479, 'R2': 5479, 'R3': 5479, 'R4': 15, 'R5': 15, 'R6': 15}",,
05487980,0.652194962495735,0.23199402045906883,MagnitudeFailure,"{'R0': 887, 'R1': 1673, 'R2': 34, 'R3': 2651, 'R4': 10, 'R5': 0, 'R6': 0}","{'R0': 5479, 'R1': 5479, 'R2': 5479, 'R3': 5479, 'R4': 15, 'R5': 15, 'R6': 15}",,
05488200,0.6056861577048473,0.18680162098723807,MagnitudeFailure,"{'R0': 860, 'R1': 1918, 'R2': 19, 'R3': 2537, 'R4': 5, 'R5': 0, 'R6': 0}","{'R0': 5479, 'R1': 5474, 'R2': 5479, 'R3': 5474, 'R4': 15, 'R5': 15, 'R6': 15}",,
05489000,0.6210869209235577,0.22658983651865564,MagnitudeFailure,"{'R0': 870, 'R1': 1809, 'R2': 46, 'R3': 2678, 'R4': 9, 'R5': 0, 'R6': 0}","{'R0': 5479, 'R1': 5479, 'R2': 5479, 'R3': 5479, 'R4': 15, 'R5': 15, 'R6': 15}",,
05495000,0.7512136698478644,0.1846878557957222,MagnitudeFailure,"{'R0': 889, 'R1': 1642, 'R2': 48, 'R3': 2678, 'R4': 5, 'R5': 0, 'R6': 0}","{'R0': 5479, 'R1': 5479, 'R2': 5479, 'R3': 5479, 'R4': 15, 'R5': 15, 'R6': 15}",,
05495500,0.5943642282495132,0.21709210057448786,MagnitudeFailure,"{'R0': 535, 'R1': 1634, 'R2': 15, 'R3': 3220, 'R4': 8, 'R5': 0, 'R6': 0}","{'R0': 5479, 'R1': 5479, 'R2': 5479, 'R3': 5479, 'R4': 15, 'R5': 15, 'R6': 15}",,
05501000,0.7076998645086761,0.2193014018894654,MagnitudeFailure,"{'R0': 854, 'R1': 1814, 'R2': 25, 'R3': 3161, 'R4': 7, 'R5': 0, 'R6': 0}","{'R0': 5479, 'R1': 5479, 'R2': 5479, 'R3': 5479, 'R4': 15, 'R5': 15, 'R6': 15}",,
05503800,0.5728057488838904,0.28400768215588146,MagnitudeFailure,"{'R0': 602, 'R1': 2307, 'R2': 6, 'R3': 3572, 'R4': 10, 'R5': 0, 'R6': 0}","{'R0': 5479, 'R1': 4857, 'R2': 5479, 'R3': 4857, 'R4': 15, 'R5': 15, 'R6': 15}",,
05507600,0.5320019210591524,0.26379930953769426,MagnitudeFailure,"{'R0': 222, 'R1': 2614, 'R2': 1, 'R3': 3975, 'R4': 7, 'R5': 0, 'R6': 0}","{'R0': 5479, 'R1': 4920, 'R2': 5479, 'R3': 4920, 'R4': 15, 'R5': 15, 'R6': 15}",,
05508805,0.6413657389343925,0.1961372504088765,MagnitudeFailure,"{'R0': 572, 'R1': 1767, 'R2': 21, 'R3': 3297, 'R4': 5, 'R5': 0, 'R6': 0}","{'R0': 5479, 'R1': 5437, 'R2': 5479, 'R3': 5437, 'R4': 15, 'R5': 15, 'R6': 15}",,
05514500,0.5513750201011127,0.25122936928010847,MagnitudeFailure,"{'R0': 794, 'R1': 1877, 'R2': 12, 'R3': 3665, 'R4': 9, 'R5': 0, 'R6': 0}","{'R0': 5479, 'R1': 5479, 'R2': 5479, 'R3': 5479, 'R4': 15, 'R5': 15, 'R6': 15}",,
05525500,0.7414432268479552,0.1394571480718588,MagnitudeFailure,"{'R0': 227, 'R1': 891, 'R2': 25, 'R3': 2014, 'R4': 6, 'R5': 0, 'R6': 0}","{'R0': 5479, 'R1': 5479, 'R2': 5479, 'R3': 5479, 'R4': 15, 'R5': 15, 'R6': 15}",,
05556500,0.6581584141950715,0.13645868641305764,MagnitudeFailure,"{'R0': 4, 'R1': 939, 'R2': 1, 'R3': 2098, 'R4': 6, 'R5': 0, 'R6': 0}","{'R0': 5479, 'R1': 5479, 'R2': 5479, 'R3': 5479, 'R4': 15, 'R5': 15, 'R6': 15}",,
05584500,0.7396483472555415,0.14323781711991243,MagnitudeFailure,"{'R0': 418, 'R1': 878, 'R2': 7, 'R3': 1999, 'R4': 6, 'R5': 0, 'R6': 0}","{'R0': 5479, 'R1': 5479, 'R2': 5479, 'R3': 5479, 'R4': 15, 'R5': 15, 'R6': 15}",,
05585000,0.7463642208318425,0.14905222538002244,MagnitudeFailure,"{'R0': 390, 'R1': 912, 'R2': 4, 'R3': 2219, 'R4': 6, 'R5': 0, 'R6': 0}","{'R0': 5479, 'R1': 5479, 'R2': 5479, 'R3': 5479, 'R4': 15, 'R5': 15, 'R6': 15}",,
05591550,0.6955607307600955,0.16195905617001038,MagnitudeFailure,"{'R0': 26, 'R1': 1295, 'R2': 0, 'R3': 2145, 'R4': 6, 'R5': 0, 'R6': 0}","{'R0': 5479, 'R1': 4719, 'R2': 5479, 'R3': 4719, 'R4': 15, 'R5': 15, 'R6': 15}",,
05592050,0.7287368036088899,0.16111397954358586,MagnitudeFailure,"{'R0': 251, 'R1': 1967, 'R2': 6, 'R3': 2855, 'R4': 3, 'R5': 0, 'R6': 0}","{'R0': 5479, 'R1': 5474, 'R2': 5479, 'R3': 5474, 'R4': 15, 'R5': 15, 'R6': 15}",,
05592575,0.5832284714176945,0.21819354449470277,MagnitudeFailure,"{'R0': 107, 'R1': 1848, 'R2': 0, 'R3': 3135, 'R4': 6, 'R5': 0, 'R6': 0}","{'R0': 5479, 'R1': 4498, 'R2': 5479, 'R3': 4498, 'R4': 15, 'R5': 15, 'R6': 15}",,
05593575,0.7131851035083524,0.21127642562427407,MagnitudeFailure,"{'R0': 194, 'R1': 2194, 'R2': 4, 'R3': 3867, 'R4': 5, 'R5': 0, 'R6': 0}","{'R0': 5479, 'R1': 5463, 'R2': 5479, 'R3': 5463, 'R4': 15, 'R5': 15, 'R6': 15}",,
05593900,0.6722424526605838,0.24098037924478405,MagnitudeFailure,"{'R0': 402, 'R1': 1810, 'R2': 37, 'R3': 3419, 'R4': 9, 'R5': 0, 'R6': 0}","{'R0': 5479, 'R1': 5194, 'R2': 5479, 'R3': 5194, 'R4': 15, 'R5': 15, 'R6': 15}",,
05595730,0.5947377820849268,0.20488871053101837,MagnitudeFailure,"{'R0': 124, 'R1': 2110, 'R2': 10, 'R3': 3330, 'R4': 4, 'R5': 0, 'R6': 0}","{'R0': 5479, 'R1': 4759, 'R2': 5479, 'R3': 4759, 'R4': 15, 'R5': 15, 'R6': 15}",,
06037500,0.6598222296083383,0.057299298620707644,TimingFailure,"{'R0': 0, 'R1': 0, 'R2': 0, 'R3': 6, 'R4': 6, 'R5': 0, 'R6': 0}","{'R0': 5479, 'R1': 5479, 'R2': 5479, 'R3': 5479, 'R4': 15, 'R5': 15, 'R6': 15}",,
06043500,0.9113510338198997,0.038225605993446835,TimingFailure,"{'R0': 0, 'R1': 0, 'R2': 0, 'R3': 5, 'R4': 4, 'R5': 0, 'R6': 0}","{'R0': 5479, 'R1': 5479, 'R2': 5479, 'R3': 5479, 'R4': 15, 'R5': 15, 'R6': 15}",,
06154410,0.4099634479973888,0.08659701659310577,TimingFailure,"{'R0': 0, 'R1': 31, 'R2': 0, 'R3': 512, 'R4': 7, 'R5': 0, 'R6': 0}","{'R0': 5114, 'R1': 5114, 'R2': 5114, 'R3': 5114, 'R4': 14, 'R5': 14, 'R6': 14}",,
06188000,0.8592889555419517,0.08480692514275286,TimingFailure,"{'R0': 0, 'R1': 3, 'R2': 0, 'R3': 1058, 'R4': 6, 'R5': 0, 'R6': 0}","{'R0': 5479, 'R1': 5479, 'R2': 5479, 'R3': 5479, 'R4': 15, 'R5': 15, 'R6': 15}",,
06191500,0.9128267208080526,0.04954849251253705,TimingFailure,"{'R0': 0, 'R1': 0, 'R2': 0, 'R3': 74, 'R4': 5, 'R5': 0, 'R6': 0}","{'R0': 5479, 'R1': 5479, 'R2': 5479, 'R3': 5479, 'R4': 15, 'R5': 15, 'R6': 15}",,
06221400,0.8551007895448911,0.1516282950486272,TimingFailure,"{'R0': 0, 'R1': 443, 'R2': 0, 'R3': 2085, 'R4': 9, 'R5': 0, 'R6': 0}","{'R0': 5479, 'R1': 5479, 'R2': 5479, 'R3': 5479, 'R4': 15, 'R5': 15, 'R6': 15}",,
06224000,0.8728038767703742,0.0932686708558218,TimingFailure,"{'R0': 0, 'R1': 7, 'R2': 0, 'R3': 648, 'R4': 8, 'R5': 0, 'R6': 0}","{'R0': 5479, 'R1': 5479, 'R2': 5479, 'R3': 5479, 'R4': 15, 'R5': 15, 'R6': 15}",,
06278300,0.8167586897493742,0.09867806951216333,TimingFailure,"{'R0': 0, 'R1': 63, 'R2': 0, 'R3': 1530, 'R4': 6, 'R5': 0, 'R6': 0}","{'R0': 5479, 'R1': 5479, 'R2': 5479, 'R3': 5479, 'R4': 15, 'R5': 15, 'R6': 15}",,
06280300,0.9020382309495167,0.05899408129742133,TimingFailure,"{'R0': 0, 'R1': 0, 'R2': 0, 'R3': 71, 'R4': 6, 'R5': 0, 'R6': 0}","{'R0': 5479, 'R1': 5479, 'R2': 5479, 'R3': 5479, 'R4': 15, 'R5': 15, 'R6': 15}",,
06289000,0.7874168537766832,0.050122111264655524,TimingFailure,"{'R0': 0, 'R1': 0, 'R2': 0, 'R3': 96, 'R4': 5, 'R5': 0, 'R6': 0}","{'R0': 5479, 'R1': 5479, 'R2': 5479, 'R3': 5479, 'R4': 15, 'R5': 15, 'R6': 15}",,
06291500,0.7779216840143519,0.08980948656349518,TimingFailure,"{'R0': 0, 'R1': 54, 'R2': 1, 'R3': 603, 'R4': 7, 'R5': 0, 'R6': 0}","{'R0': 5114, 'R1': 5114, 'R2': 5114, 'R3': 5114, 'R4': 14, 'R5': 14, 'R6': 14}",,
06311000,0.7192811563402473,0.09970884502733379,TimingFailure,"{'R0': 6, 'R1': 60, 'R2': 7, 'R3': 829, 'R4': 8, 'R5': 0, 'R6': 0}","{'R0': 5479, 'R1': 5479, 'R2': 5479, 'R3': 5479, 'R4': 15, 'R5': 15, 'R6': 15}",,
06332515,0.26273832498045047,0.4067745051299006,MagnitudeFailure,"{'R0': 2654, 'R1': 4341, 'R2': 292, 'R3': 4724, 'R4': 7, 'R5': 0, 'R6': 2}","{'R0': 5479, 'R1': 5302, 'R2': 5479, 'R3': 5302, 'R4': 15, 'R5': 15, 'R6': 15}",,
06339100,0.09296047552936493,0.38873080239075225,MagnitudeFailure,"{'R0': 2103, 'R1': 3438, 'R2': 1124, 'R3': 4061, 'R4': 9, 'R5': 0, 'R6': 2}","{'R0': 5479, 'R1': 5361, 'R2': 5479, 'R3': 5361, 'R4': 15, 'R5': 15, 'R6': 15}",,
06339500,-0.005773923165080186,0.45063489166427656,MagnitudeFailure,"{'R0': 3027, 'R1': 3769, 'R2': 2089, 'R3': 4015, 'R4': 10, 'R5': 0, 'R6': 2}","{'R0': 5479, 'R1': 5479, 'R2': 5479, 'R3': 5479, 'R4': 15, 'R5': 15, 'R6': 15}",,
06344600,0.03828871605621276,0.4013087283869642,MagnitudeFailure,"{'R0': 2140, 'R1': 3329, 'R2': 962, 'R3': 3772, 'R4': 10, 'R5': 0, 'R6': 2}","{'R0': 5479, 'R1': 4921, 'R2': 5479, 'R3': 4921, 'R4': 15, 'R5': 15, 'R6': 15}",,
06350000,-0.10373851898089992,0.44034278066035687,MagnitudeFailure,"{'R0': 2658, 'R1': 3443, 'R2': 2217, 'R3': 3822, 'R4': 11, 'R5': 0, 'R6': 2}","{'R0': 5479, 'R1': 5479, 'R2': 5479, 'R3': 5479, 'R4': 15, 'R5': 15, 'R6': 15}",,
06352000,-0.0032086715017916045,0.4111733979958109,MagnitudeFailure,"{'R0': 2193, 'R1': 3358, 'R2': 1381, 'R3': 3724, 'R4': 12, 'R5': 0, 'R6': 2}","{'R0': 5479, 'R1': 5479, 'R2': 5479, 'R3': 5479, 'R4': 15, 'R5': 15, 'R6': 15}",,
06353000,0.2101463844620629,0.37238470313830113,MagnitudeFailure,"{'R0': 1333, 'R1': 3030, 'R2': 629, 'R3': 3570, 'R4': 14, 'R5': 0, 'R6': 0}","{'R0': 5479, 'R1': 5018, 'R2': 5479, 'R3': 5018, 'R4': 15, 'R5': 15, 'R6': 15}",,
06354000,0.15001327461248903,0.3351282305846586,MagnitudeFailure,"{'R0': 954, 'R1': 2805, 'R2': 614, 'R3': 3647, 'R4': 13, 'R5': 0, 'R6': 0}","{'R0': 5479, 'R1': 5408, 'R2': 5479, 'R3': 5408, 'R4': 15, 'R5': 15, 'R6': 15}",,
06360500,0.013725343143597302,0.3173839390963211,MagnitudeFailure,"{'R0': 998, 'R1': 2663, 'R2': 379, 'R3': 3087, 'R4': 12, 'R5': 0, 'R6': 0}","{'R0': 5479, 'R1': 4913, 'R2': 5479, 'R3': 4913, 'R4': 15, 'R5': 15, 'R6': 15}",,
06404000,0.435293717611113,0.2722707800922652,MagnitudeFailure,"{'R0': 1852, 'R1': 2297, 'R2': 1312, 'R3': 2191, 'R4': 6, 'R5': 0, 'R6': 1}","{'R0': 5479, 'R1': 5208, 'R2': 5479, 'R3': 5208, 'R4': 15, 'R5': 15, 'R6': 15}",,
06406000,0.08164277806322762,0.4477546302331847,MagnitudeFailure,"{'R0': 2726, 'R1': 3687, 'R2': 2723, 'R3': 2923, 'R4': 8, 'R5': 0, 'R6': 6}","{'R0': 5479, 'R1': 5479, 'R2': 5479, 'R3': 5479, 'R4': 15, 'R5': 15, 'R6': 15}",,
06408700,-0.10416207285294998,0.12380952380952381,TimingFailure,"{'R0': 0, 'R1': 0, 'R2': 0, 'R3': 0, 'R4': 13, 'R5': 0, 'R6': 0}","{'R0': 5479, 'R1': 5479, 'R2': 5479, 'R3': 5479, 'R4': 15, 'R5': 15, 'R6': 15}",,
06409000,0.3024954821191308,0.12122128647041953,TimingFailure,"{'R0': 0, 'R1': 7, 'R2': 0, 'R3': 259, 'R4': 12, 'R5': 0, 'R6': 0}","{'R0': 5479, 'R1': 5479, 'R2': 5479, 'R3': 5479, 'R4': 15, 'R5': 15, 'R6': 15}",,
06431500,0.29664849418425776,0.10486619908047176,TimingFailure,"{'R0': 0, 'R1': 4, 'R2': 0, 'R3': 0, 'R4': 11, 'R5': 0, 'R6': 0}","{'R0': 5479, 'R1': 5479, 'R2': 5479, 'R3': 5479, 'R4': 15, 'R5': 15, 'R6': 15}",,
06440200,0.006655231609803858,0.3117843971324939,MagnitudeFailure,"{'R0': 1412, 'R1': 2169, 'R2': 146, 'R3': 2353, 'R4': 7, 'R5': 0, 'R6': 0}","{'R0': 5479, 'R1': 3159, 'R2': 5479, 'R3': 3159, 'R4': 15, 'R5': 15, 'R6': 15}",,
06441500,-0.1949616977149704,0.46448411888098545,MagnitudeFailure,"{'R0': 3337, 'R1': 3081, 'R2': 751, 'R3': 3046, 'R4': 10, 'R5': 0, 'R6': 6}","{'R0': 5479, 'R1': 4259, 'R2': 5479, 'R3': 4259, 'R4': 15, 'R5': 15, 'R6': 15}",,
06447000,0.31177547618855495,0.28101177638233343,MagnitudeFailure,"{'R0': 513, 'R1': 1825, 'R2': 434, 'R3': 3157, 'R4': 13, 'R5': 0, 'R6': 0}","{'R0': 5479, 'R1': 5371, 'R2': 5479, 'R3': 5371, 'R4': 15, 'R5': 15, 'R6': 15}",,
06447500,0.19455713936153596,0.12788916990413615,TimingFailure,"{'R0': 60, 'R1': 273, 'R2': 318, 'R3': 236, 'R4': 11, 'R5': 0, 'R6': 0}","{'R0': 5479, 'R1': 5479, 'R2': 5479, 'R3': 5479, 'R4': 15, 'R5': 15, 'R6': 15}",,
06450500,0.2068377477892397,0.0835953728087329,TimingFailure,"{'R0': 10, 'R1': 155, 'R2': 85, 'R3': 34, 'R4': 8, 'R5': 0, 'R6': 0}","{'R0': 5479, 'R1': 5479, 'R2': 5479, 'R3': 5479, 'R4': 15, 'R5': 15, 'R6': 15}",,
06452000,0.20311695889029868,0.22595525389223645,MagnitudeFailure,"{'R0': 794, 'R1': 2091, 'R2': 732, 'R3': 3214, 'R4': 5, 'R5': 0, 'R6': 0}","{'R0': 5479, 'R1': 5470, 'R2': 5479, 'R3': 5470, 'R4': 15, 'R5': 15, 'R6': 15}",,
06453600,0.3405438435049979,0.22072107948017194,TimingFailure,"{'R0': 485, 'R1': 1498, 'R2': 361, 'R3': 2060, 'R4': 11, 'R5': 0, 'R6': 0}","{'R0': 5479, 'R1': 5413, 'R2': 5479, 'R3': 5413, 'R4': 15, 'R5': 15, 'R6': 15}",,
06464500,0.2827234876408484,0.12178099931339573,TimingFailure,"{'R0': 35, 'R1': 262, 'R2': 201, 'R3': 520, 'R4': 10, 'R5': 0, 'R6': 0}","{'R0': 5479, 'R1': 5479, 'R2': 5479, 'R3': 5479, 'R4': 15, 'R5': 15, 'R6': 15}",,
06468170,-0.2097231581712553,0.3827961461861963,MagnitudeFailure,"{'R0': 2486, 'R1': 3416, 'R2': 536, 'R3': 3032, 'R4': 13, 'R5': 0, 'R6': 0}","{'R0': 5479, 'R1': 5112, 'R2': 5479, 'R3': 5112, 'R4': 15, 'R5': 15, 'R6': 15}",,
06468250,-0.012785730298010112,0.3098841712687423,MagnitudeFailure,"{'R0': 1586, 'R1': 2647, 'R2': 275, 'R3': 2792, 'R4': 12, 'R5': 0, 'R6': 0}","{'R0': 5479, 'R1': 5283, 'R2': 5479, 'R3': 5283, 'R4': 15, 'R5': 15, 'R6': 15}",,
06470800,0.013773472663868858,0.2717544139767063,MagnitudeFailure,"{'R0': 1370, 'R1': 2820, 'R2': 402, 'R3': 2783, 'R4': 8, 'R5': 0, 'R6': 0}","{'R0': 5479, 'R1': 5359, 'R2': 5479, 'R3': 5359, 'R4': 15, 'R5': 15, 'R6': 15}",,
06477500,0.6451552473413207,0.3734285940436612,MagnitudeFailure,"{'R0': 2484, 'R1': 3795, 'R2': 342, 'R3': 4168, 'R4': 8, 'R5': 0, 'R6': 1}","{'R0': 5479, 'R1': 5315, 'R2': 5479, 'R3': 5315, 'R4': 15, 'R5': 15, 'R6': 15}",,
06479215,0.3579755348137026,0.308340136302923,MagnitudeFailure,"{'R0': 1801, 'R1': 3068, 'R2': 584, 'R3': 3082, 'R4': 9, 'R5': 0, 'R6': 0}","{'R0': 5479, 'R1': 5476, 'R2': 5479, 'R3': 5476, 'R4': 15, 'R5': 15, 'R6': 15}",,
06479438,0.18674310409975925,0.2521158709879279,MagnitudeFailure,"{'R0': 1085, 'R1': 2375, 'R2': 471, 'R3': 2451, 'R4': 9, 'R5': 0, 'R6': 0}","{'R0': 5479, 'R1': 5479, 'R2': 5479, 'R3': 5479, 'R4': 15, 'R5': 15, 'R6': 15}",,
06601000,0.31194119208641824,0.09986528650518431,TimingFailure,"{'R0': 25, 'R1': 365, 'R2': 87, 'R3': 431, 'R4': 8, 'R5': 0, 'R6': 0}","{'R0': 5479, 'R1': 5479, 'R2': 5479, 'R3': 5479, 'R4': 15, 'R5': 15, 'R6': 15}",,
06614800,0.8309785413766114,0.08303392172711391,TimingFailure,"{'R0': 0, 'R1': 95, 'R2': 0, 'R3': 898, 'R4': 6, 'R5': 0, 'R6': 0}","{'R0': 5479, 'R1': 5479, 'R2': 5479, 'R3': 5479, 'R4': 15, 'R5': 15, 'R6': 15}",,
06622700,0.8624797923691077,0.08638524583040005,TimingFailure,"{'R0': 0, 'R1': 20, 'R2': 0, 'R3': 371, 'R4': 8, 'R5': 0, 'R6': 0}","{'R0': 5479, 'R1': 5479, 'R2': 5479, 'R3': 5479, 'R4': 15, 'R5': 15, 'R6': 15}",,
06623800,0.8456316321012003,0.042866703169678166,TimingFailure,"{'R0': 1, 'R1': 1, 'R2': 1, 'R3': 180, 'R4': 4, 'R5': 0, 'R6': 0}","{'R0': 5479, 'R1': 5479, 'R2': 5479, 'R3': 5479, 'R4': 15, 'R5': 15, 'R6': 15}",,
06632400,0.8887467238444027,0.0663398778018234,TimingFailure,"{'R0': 0, 'R1': 0, 'R2': 0, 'R3': 718, 'R4': 5, 'R5': 0, 'R6': 0}","{'R0': 5479, 'R1': 5479, 'R2': 5479, 'R3': 5479, 'R4': 15, 'R5': 15, 'R6': 15}",,
06746095,0.5390024035888117,0.07841889813052434,TimingFailure,"{'R0': 2, 'R1': 171, 'R2': 0, 'R3': 643, 'R4': 6, 'R5': 0, 'R6': 0}","{'R0': 5479, 'R1': 5479, 'R2': 5479, 'R3': 5479, 'R4': 15, 'R5': 15, 'R6': 15}",,
06784000,0.5031737248432973,0.11654716275997531,TimingFailure,"{'R0': 0, 'R1': 67, 'R2': 1, 'R3': 384, 'R4': 11, 'R5': 0, 'R6': 0}","{'R0': 5479, 'R1': 5479, 'R2': 5479, 'R3': 5479, 'R4': 15, 'R5': 15, 'R6': 15}",,
06803510,0.44028661745735065,0.22374086338313384,MagnitudeFailure,"{'R0': 877, 'R1': 1527, 'R2': 1034, 'R3': 2221, 'R4': 8, 'R5': 0, 'R6': 0}","{'R0': 5479, 'R1': 5479, 'R2': 5479, 'R3': 5479, 'R4': 15, 'R5': 15, 'R6': 15}",,
06803530,0.5494220955219841,0.19281064497344838,MagnitudeFailure,"{'R0': 712, 'R1': 1228, 'R2': 875, 'R3': 2023, 'R4': 7, 'R5': 0, 'R6': 0}","{'R0': 5479, 'R1': 5479, 'R2': 5479, 'R3': 5479, 'R4': 15, 'R5': 15, 'R6': 15}",,
06814000,0.6787450257231724,0.23072324407827455,MagnitudeFailure,"{'R0': 1428, 'R1': 2190, 'R2': 362, 'R3': 3034, 'R4': 5, 'R5': 0, 'R6': 0}","{'R0': 5479, 'R1': 5470, 'R2': 5479, 'R3': 5470, 'R4': 15, 'R5': 15, 'R6': 15}",,
06847900,-1.0107956041546537,0.6958855490193326,MagnitudeFailure,"{'R0': 4519, 'R1': 4306, 'R2': 3744, 'R3': 4289, 'R4': 11, 'R5': 0, 'R6': 13}","{'R0': 5479, 'R1': 4875, 'R2': 5479, 'R3': 4875, 'R4': 15, 'R5': 15, 'R6': 15}",,
06853800,0.14238866927195792,0.21607576560902464,MagnitudeFailure,"{'R0': 28, 'R1': 2289, 'R2': 97, 'R3': 3126, 'R4': 7, 'R5': 0, 'R6': 0}","{'R0': 5479, 'R1': 5293, 'R2': 5479, 'R3': 5293, 'R4': 15, 'R5': 15, 'R6': 15}",,
06876700,-0.11576741864419349,0.21117165975716803,MagnitudeFailure,"{'R0': 4, 'R1': 2425, 'R2': 14, 'R3': 4195, 'R4': 4, 'R5': 0, 'R6': 0}","{'R0': 5479, 'R1': 5479, 'R2': 5479, 'R3': 5479, 'R4': 15, 'R5': 15, 'R6': 15}",,
06878000,0.5514340702415164,0.19449325997966257,MagnitudeFailure,"{'R0': 256, 'R1': 1035, 'R2': 318, 'R3': 2563, 'R4': 9, 'R5': 0, 'R6': 0}","{'R0': 5479, 'R1': 5479, 'R2': 5479, 'R3': 5479, 'R4': 15, 'R5': 15, 'R6': 15}",,
06879650,0.5077299129012091,0.15594545368004115,TimingFailure,"{'R0': 309, 'R1': 398, 'R2': 10, 'R3': 757, 'R4': 9, 'R5': 0, 'R6': 0}","{'R0': 5479, 'R1': 2665, 'R2': 5479, 'R3': 2665, 'R4': 15, 'R5': 15, 'R6': 15}",,
06885500,0.6645646016199731,0.24585125891933707,MagnitudeFailure,"{'R0': 1246, 'R1': 1933, 'R2': 486, 'R3': 2842, 'R4': 8, 'R5': 0, 'R6': 0}","{'R0': 5479, 'R1': 5479, 'R2': 5479, 'R3': 5479, 'R4': 15, 'R5': 15, 'R6': 15}",,
06888500,0.7222701063588797,0.16275476060108293,TimingFailure,"{'R0': 382, 'R1': 949, 'R2': 132, 'R3': 1857, 'R4': 8, 'R5': 0, 'R6': 0}","{'R0': 5479, 'R1': 5479, 'R2': 5479, 'R3': 5479, 'R4': 15, 'R5': 15, 'R6': 15}",,
06889200,0.49512673014039954,0.1784274039349157,MagnitudeFailure,"{'R0': 785, 'R1': 1493, 'R2': 196, 'R3': 2537, 'R4': 5, 'R5': 0, 'R6': 0}","{'R0': 5479, 'R1': 5471, 'R2': 5479, 'R3': 5471, 'R4': 15, 'R5': 15, 'R6': 15}",,
06889500,0.5383444091014433,0.18711965165697597,MagnitudeFailure,"{'R0': 760, 'R1': 1404, 'R2': 201, 'R3': 2620, 'R4': 6, 'R5': 0, 'R6': 0}","{'R0': 5479, 'R1': 5479, 'R2': 5479, 'R3': 5479, 'R4': 15, 'R5': 15, 'R6': 15}",,
06892000,0.7364613154631594,0.17199002251019044,MagnitudeFailure,"{'R0': 712, 'R1': 1430, 'R2': 56, 'R3': 2572, 'R4': 5, 'R5': 0, 'R6': 0}","{'R0': 5479, 'R1': 5479, 'R2': 5479, 'R3': 5479, 'R4': 15, 'R5': 15, 'R6': 15}",,
06903400,0.7575968777170796,0.23532575727674462,MagnitudeFailure,"{'R0': 917, 'R1': 2399, 'R2': 16, 'R3': 3462, 'R4': 6, 'R5': 0, 'R6': 0}","{'R0': 5479, 'R1': 5442, 'R2': 5479, 'R3': 5442, 'R4': 15, 'R5': 15, 'R6': 15}",,
06906800,0.5139769646879414,0.21729373625705076,MagnitudeFailure,"{'R0': 296, 'R1': 1725, 'R2': 0, 'R3': 3756, 'R4': 7, 'R5': 0, 'R6': 0}","{'R0': 5479, 'R1': 5479, 'R2': 5479, 'R3': 5479, 'R4': 15, 'R5': 15, 'R6': 15}",,
06910800,0.6818130733772672,0.20973404019070133,MagnitudeFailure,"{'R0': 281, 'R1': 1707, 'R2': 2, 'R3': 3032, 'R4': 8, 'R5': 0, 'R6': 0}","{'R0': 5479, 'R1': 5366, 'R2': 5479, 'R3': 5366, 'R4': 15, 'R5': 15, 'R6': 15}",,
06911900,0.5869192055682071,0.1947542680141877,MagnitudeFailure,"{'R0': 257, 'R1': 1584, 'R2': 2, 'R3': 3171, 'R4': 6, 'R5': 0, 'R6': 0}","{'R0': 5479, 'R1': 5191, 'R2': 5479, 'R3': 5191, 'R4': 15, 'R5': 15, 'R6': 15}",,
06917000,0.70987350252024,0.21974129799148473,MagnitudeFailure,"{'R0': 265, 'R1': 2097, 'R2': 0, 'R3': 3382, 'R4': 7, 'R5': 0, 'R6': 0}","{'R0': 5479, 'R1': 5355, 'R2': 5479, 'R3': 5355, 'R4': 15, 'R5': 15, 'R6': 15}",,
06918460,0.6630812564590396,0.12423713051564848,TimingFailure,"{'R0': 166, 'R1': 476, 'R2': 137, 'R3': 1429, 'R4': 7, 'R5': 0, 'R6': 0}","{'R0': 5479, 'R1': 5479, 'R2': 5479, 'R3': 5479, 'R4': 15, 'R5': 15, 'R6': 15}",,
06919500,0.5653972348731926,0.20138154921465956,MagnitudeFailure,"{'R0': 279, 'R1': 2088, 'R2': 0, 'R3': 3399, 'R4': 5, 'R5': 0, 'R6': 0}","{'R0': 5479, 'R1': 5351, 'R2': 5479, 'R3': 5351, 'R4': 15, 'R5': 15, 'R6': 15}",,
06921070,0.5978353924495741,0.13260501134200714,MagnitudeFailure,"{'R0': 27, 'R1': 944, 'R2': 5, 'R3': 3014, 'R4': 3, 'R5': 0, 'R6': 0}","{'R0': 5479, 'R1': 5479, 'R2': 5479, 'R3': 5479, 'R4': 15, 'R5': 15, 'R6': 15}",,
06921200,0.4708514674962594,0.22317319325535806,MagnitudeFailure,"{'R0': 9, 'R1': 2133, 'R2': 1, 'R3': 3667, 'R4': 7, 'R5': 0, 'R6': 0}","{'R0': 5479, 'R1': 5303, 'R2': 5479, 'R3': 5303, 'R4': 15, 'R5': 15, 'R6': 15}",,
06934000,0.7570040104846277,0.07426624601291511,TimingFailure,"{'R0': 0, 'R1': 50, 'R2': 0, 'R3': 972, 'R4': 5, 'R5': 0, 'R6': 0}","{'R0': 5479, 'R1': 5479, 'R2': 5479, 'R3': 5479, 'R4': 15, 'R5': 15, 'R6': 15}",,
07014500,0.7492574555042929,0.09571958734214621,TimingFailure,"{'R0': 0, 'R1': 10, 'R2': 0, 'R3': 739, 'R4': 8, 'R5': 0, 'R6': 0}","{'R0': 5479, 'R1': 5479, 'R2': 5479, 'R3': 5479, 'R4': 15, 'R5': 15, 'R6': 15}",,
07056000,0.6432819711332741,0.11527998678938631,MagnitudeFailure,"{'R0': 0, 'R1': 571, 'R2': 0, 'R3': 2024, 'R4': 5, 'R5': 0, 'R6': 0}","{'R0': 5479, 'R1': 5479, 'R2': 5479, 'R3': 5479, 'R4': 15, 'R5': 15, 'R6': 15}",,
07057500,0.885572789905461,0.03362970302192788,TimingFailure,"{'R0': 0, 'R1': 80, 'R2': 0, 'R3': 114, 'R4': 3, 'R5': 0, 'R6': 0}","{'R0': 5479, 'R1': 5479, 'R2': 5479, 'R3': 5479, 'R4': 15, 'R5': 15, 'R6': 15}",,
07060710,0.3867467107949869,0.17078542313074166,MagnitudeFailure,"{'R0': 0, 'R1': 591, 'R2': 0, 'R3': 3037, 'R4': 8, 'R5': 0, 'R6': 0}","{'R0': 5479, 'R1': 5479, 'R2': 5479, 'R3': 5479, 'R4': 15, 'R5': 15, 'R6': 15}",,
07066000,0.8334312924758543,0.06725940604385576,TimingFailure,"{'R0': 0, 'R1': 29, 'R2': 0, 'R3': 359, 'R4': 6, 'R5': 0, 'R6': 0}","{'R0': 5479, 'R1': 5479, 'R2': 5479, 'R3': 5479, 'R4': 15, 'R5': 15, 'R6': 15}",,
07067000,0.753883181433003,0.0544763990648276,TimingFailure,"{'R0': 0, 'R1': 3, 'R2': 0, 'R3': 260, 'R4': 5, 'R5': 0, 'R6': 0}","{'R0': 5479, 'R1': 5479, 'R2': 5479, 'R3': 5479, 'R4': 15, 'R5': 15, 'R6': 15}",,
07068000,0.838961891759713,0.061444997783745736,TimingFailure,"{'R0': 0, 'R1': 6, 'R2': 0, 'R3': 159, 'R4': 6, 'R5': 0, 'R6': 0}","{'R0': 5479, 'R1': 5479, 'R2': 5479, 'R3': 5479, 'R4': 15, 'R5': 15, 'R6': 15}",,
07071500,0.2328650909549741,0.06704386445215063,TimingFailure,"{'R0': 0, 'R1': 170, 'R2': 0, 'R3': 575, 'R4': 5, 'R5': 0, 'R6': 0}","{'R0': 5479, 'R1': 5479, 'R2': 5479, 'R3': 5479, 'R4': 15, 'R5': 15, 'R6': 15}",,
07083000,0.8360481099027918,0.06089049965669786,TimingFailure,"{'R0': 0, 'R1': 1, 'R2': 0, 'R3': 508, 'R4': 5, 'R5': 0, 'R6': 0}","{'R0': 5479, 'R1': 5479, 'R2': 5479, 'R3': 5479, 'R4': 15, 'R5': 15, 'R6': 15}",,
07142300,-1.0234214995352007,0.4750429651054932,MagnitudeFailure,"{'R0': 2659, 'R1': 3012, 'R2': 2396, 'R3': 2940, 'R4': 14, 'R5': 0, 'R6': 3}","{'R0': 5479, 'R1': 4689, 'R2': 5479, 'R3': 4689, 'R4': 15, 'R5': 15, 'R6': 15}",,
07145700,0.676096063603514,0.1884163776844923,MagnitudeFailure,"{'R0': 613, 'R1': 1659, 'R2': 103, 'R3': 3025, 'R4': 5, 'R5': 0, 'R6': 0}","{'R0': 5479, 'R1': 5479, 'R2': 5479, 'R3': 5479, 'R4': 15, 'R5': 15, 'R6': 15}",,
07148400,0.6850618635622998,0.1423843419463058,MagnitudeFailure,"{'R0': 115, 'R1': 912, 'R2': 188, 'R3': 1689, 'R4': 7, 'R5': 0, 'R6': 0}","{'R0': 5479, 'R1': 5479, 'R2': 5479, 'R3': 5479, 'R4': 15, 'R5': 15, 'R6': 15}",,
07149000,0.4561878262461522,0.11989660735096731,TimingFailure,"{'R0': 157, 'R1': 659, 'R2': 334, 'R3': 887, 'R4': 7, 'R5': 0, 'R6': 0}","{'R0': 5479, 'R1': 5463, 'R2': 5479, 'R3': 5463, 'R4': 15, 'R5': 15, 'R6': 15}",,
07151500,0.4234704289580935,0.11799859202669936,TimingFailure,"{'R0': 240, 'R1': 798, 'R2': 394, 'R3': 902, 'R4': 6, 'R5': 0, 'R6': 0}","{'R0': 5479, 'R1': 5479, 'R2': 5479, 'R3': 5479, 'R4': 15, 'R5': 15, 'R6': 15}",,
07167500,0.6377086955295188,0.20296543512458823,MagnitudeFailure,"{'R0': 811, 'R1': 1984, 'R2': 5, 'R3': 3158, 'R4': 5, 'R5': 0, 'R6': 0}","{'R0': 5479, 'R1': 5479, 'R2': 5479, 'R3': 5479, 'R4': 15, 'R5': 15, 'R6': 15}",,
07180500,0.7000650965434694,0.1349637925561473,TimingFailure,"{'R0': 237, 'R1': 733, 'R2': 102, 'R3': 1532, 'R4': 7, 'R5': 0, 'R6': 0}","{'R0': 5479, 'R1': 5442, 'R2': 5479, 'R3': 5442, 'R4': 15, 'R5': 15, 'R6': 15}",,
07184000,0.3897156100130392,0.2675264256219906,MagnitudeFailure,"{'R0': 609, 'R1': 2504, 'R2': 3, 'R3': 3921, 'R4': 7, 'R5': 0, 'R6': 0}","{'R0': 5479, 'R1': 4964, 'R2': 5479, 'R3': 4964, 'R4': 15, 'R5': 15, 'R6': 15}",,
07195800,0.651323629851017,0.06763841275656626,TimingFailure,"{'R0': 0, 'R1': 103, 'R2': 0, 'R3': 662, 'R4': 5, 'R5': 0, 'R6': 0}","{'R0': 5479, 'R1': 5459, 'R2': 5479, 'R3': 5459, 'R4': 15, 'R5': 15, 'R6': 15}",,
07196900,0.6193132905688286,0.13371924024191958,MagnitudeFailure,"{'R0': 116, 'R1': 1226, 'R2': 1, 'R3': 2654, 'R4': 3, 'R5': 0, 'R6': 0}","{'R0': 5479, 'R1': 5429, 'R2': 5479, 'R3': 5429, 'R4': 15, 'R5': 15, 'R6': 15}",,
07197000,0.5764413548925595,0.06497709870588132,TimingFailure,"{'R0': 0, 'R1': 50, 'R2': 0, 'R3': 981, 'R4': 4, 'R5': 0, 'R6': 0}","{'R0': 5479, 'R1': 5479, 'R2': 5479, 'R3': 5479, 'R4': 15, 'R5': 15, 'R6': 15}",,
07208500,0.7071835621405717,0.21397196221069192,TimingFailure,"{'R0': 461, 'R1': 1186, 'R2': 831, 'R3': 980, 'R4': 13, 'R5': 0, 'R6': 0}","{'R0': 5479, 'R1': 5479, 'R2': 5479, 'R3': 5479, 'R4': 15, 'R5': 15, 'R6': 15}",,
07226500,-1.7691907889107044,0.6205137520794305,MagnitudeFailure,"{'R0': 4472, 'R1': 982, 'R2': 664, 'R3': 997, 'R4': 12, 'R5': 0, 'R6': 14}","{'R0': 5479, 'R1': 1183, 'R2': 5479, 'R3': 1183, 'R4': 15, 'R5': 15, 'R6': 15}",,
07261000,0.7590599417902872,0.19169042464524355,MagnitudeFailure,"{'R0': 301, 'R1': 1457, 'R2': 0, 'R3': 2509, 'R4': 8, 'R5': 0, 'R6': 0}","{'R0': 5479, 'R1': 5263, 'R2': 5479, 'R3': 5263, 'R4': 15, 'R5': 15, 'R6': 15}",,
07263295,0.5070098793598923,0.18975428980313197,MagnitudeFailure,"{'R0': 933, 'R1': 1393, 'R2': 34, 'R3': 2181, 'R4': 6, 'R5': 0, 'R6': 0}","{'R0': 5479, 'R1': 4754, 'R2': 5479, 'R3': 4754, 'R4': 15, 'R5': 15, 'R6': 15}",,
07290650,0.36151376613086406,0.11397939292676137,MagnitudeFailure,"{'R0': 0, 'R1': 281, 'R2': 0, 'R3': 2786, 'R4': 3, 'R5': 0, 'R6': 0}","{'R0': 5479, 'R1': 5130, 'R2': 5479, 'R3': 5130, 'R4': 15, 'R5': 15, 'R6': 15}",,
07291000,0.5932294831275524,0.08824168470089258,TimingFailure,"{'R0': 25, 'R1': 434, 'R2': 57, 'R3': 1042, 'R4': 5, 'R5': 0, 'R6': 0}","{'R0': 5479, 'R1': 5479, 'R2': 5479, 'R3': 5479, 'R4': 15, 'R5': 15, 'R6': 15}",,
07292500,0.6916815808926908,0.0663520454723229,MagnitudeFailure,"{'R0': 114, 'R1': 587, 'R2': 161, 'R3': 587, 'R4': 3, 'R5': 0, 'R6': 0}","{'R0': 5479, 'R1': 5479, 'R2': 5479, 'R3': 5479, 'R4': 15, 'R5': 15, 'R6': 15}",,
07295000,0.5748304447548571,0.12007218666448531,MagnitudeFailure,"{'R0': 416, 'R1': 866, 'R2': 446, 'R3': 928, 'R4': 5, 'R5': 0, 'R6': 0}","{'R0': 5479, 'R1': 5128, 'R2': 5479, 'R3': 5128, 'R4': 15, 'R5': 15, 'R6': 15}",,
07299670,0.11374747596431278,0.4708488688412032,MagnitudeFailure,"{'R0': 3056, 'R1': 3504, 'R2': 3303, 'R3': 3447, 'R4': 9, 'R5': 0, 'R6': 4}","{'R0': 5479, 'R1': 5479, 'R2': 5479, 'R3': 5479, 'R4': 15, 'R5': 15, 'R6': 15}",,
07301410,0.5836401745480806,0.22414571712949302,TimingFailure,"{'R0': 543, 'R1': 1383, 'R2': 881, 'R3': 1770, 'R4': 11, 'R5': 0, 'R6': 0}","{'R0': 5479, 'R1': 5476, 'R2': 5479, 'R3': 5476, 'R4': 15, 'R5': 15, 'R6': 15}",,
07301500,0.6091204046867342,0.15082973040521278,MagnitudeFailure,"{'R0': 672, 'R1': 1398, 'R2': 963, 'R3': 1496, 'R4': 3, 'R5': 0, 'R6': 0}","{'R0': 5479, 'R1': 5192, 'R2': 5479, 'R3': 5192, 'R4': 15, 'R5': 15, 'R6': 15}",,
07315200,0.2702189691359771,0.37432608917125837,MagnitudeFailure,"{'R0': 1840, 'R1': 2011, 'R2': 9, 'R3': 2186, 'R4': 7, 'R5': 0, 'R6': 1}","{'R0': 5479, 'R1': 2399, 'R2': 5479, 'R3': 2399, 'R4': 15, 'R5': 15, 'R6': 15}",,
07315700,0.5826667182413834,0.30710594161973315,MagnitudeFailure,"{'R0': 1335, 'R1': 3002, 'R2': 29, 'R3': 4008, 'R4': 7, 'R5': 0, 'R6': 0}","{'R0': 5479, 'R1': 4888, 'R2': 5479, 'R3': 4888, 'R4': 15, 'R5': 15, 'R6': 15}",,
07335700,0.6021608208265632,0.15506980530545253,MagnitudeFailure,"{'R0': 603, 'R1': 1057, 'R2': 18, 'R3': 2001, 'R4': 5, 'R5': 0, 'R6': 0}","{'R0': 5479, 'R1': 4787, 'R2': 5479, 'R3': 4787, 'R4': 15, 'R5': 15, 'R6': 15}",,
07340300,0.6757185591560264,0.15644495432777966,TimingFailure,"{'R0': 629, 'R1': 824, 'R2': 178, 'R3': 1447, 'R4': 8, 'R5': 0, 'R6': 0}","{'R0': 5479, 'R1': 5479, 'R2': 5479, 'R3': 5479, 'R4': 15, 'R5': 15, 'R6': 15}",,
07346045,0.8097181417672115,0.17224793477694902,MagnitudeFailure,"{'R0': 866, 'R1': 1124, 'R2': 72, 'R3': 1771, 'R4': 7, 'R5': 0, 'R6': 0}","{'R0': 5479, 'R1': 5098, 'R2': 5479, 'R3': 5098, 'R4': 15, 'R5': 15, 'R6': 15}",,
07359610,0.742669205570317,0.17772794827001798,TimingFailure,"{'R0': 725, 'R1': 1011, 'R2': 695, 'R3': 1098, 'R4': 9, 'R5': 0, 'R6': 0}","{'R0': 5479, 'R1': 5479, 'R2': 5479, 'R3': 5479, 'R4': 15, 'R5': 15, 'R6': 15}",,
07362100,0.679697292513916,0.20572241643387632,MagnitudeFailure,"{'R0': 1208, 'R1': 1755, 'R2': 84, 'R3': 2600, 'R4': 6, 'R5': 0, 'R6': 0}","{'R0': 5479, 'R1': 5415, 'R2': 5479, 'R3': 5415, 'R4': 15, 'R5': 15, 'R6': 15}",,
07362587,0.478113456825628,0.18283024170099002,MagnitudeFailure,"{'R0': 867, 'R1': 1341, 'R2': 24, 'R3': 2398, 'R4': 5, 'R5': 0, 'R6': 0}","{'R0': 5479, 'R1': 4770, 'R2': 5479, 'R3': 4770, 'R4': 15, 'R5': 15, 'R6': 15}",,
07373000,0.7629045319828734,0.08369044475272637,TimingFailure,"{'R0': 0, 'R1': 617, 'R2': 34, 'R3': 367, 'R4': 6, 'R5': 0, 'R6': 0}","{'R0': 5479, 'R1': 5478, 'R2': 5479, 'R3': 5478, 'R4': 15, 'R5': 15, 'R6': 15}",,
07375000,0.7383127649690904,0.06861523218522671,TimingFailure,"{'R0': 0, 'R1': 156, 'R2': 0, 'R3': 284, 'R4': 6, 'R5': 0, 'R6': 0}","{'R0': 5479, 'R1': 5479, 'R2': 5479, 'R3': 5479, 'R4': 15, 'R5': 15, 'R6': 15}",,
07376000,0.7456129594422038,0.06386288773585726,TimingFailure,"{'R0': 0, 'R1': 273, 'R2': 0, 'R3': 350, 'R4': 5, 'R5': 0, 'R6': 0}","{'R0': 5479, 'R1': 5479, 'R2': 5479, 'R3': 5479, 'R4': 15, 'R5': 15, 'R6': 15}",,
08013000,0.7124245626088984,0.1918667813904171,TimingFailure,"{'R0': 400, 'R1': 991, 'R2': 38, 'R3': 2277, 'R4': 10, 'R5': 0, 'R6': 0}","{'R0': 5479, 'R1': 5479, 'R2': 5479, 'R3': 5479, 'R4': 15, 'R5': 15, 'R6': 15}",,
08014500,0.4902172362914129,0.11704777548909691,TimingFailure,"{'R0': 92, 'R1': 528, 'R2': 160, 'R3': 787, 'R4': 8, 'R5': 0, 'R6': 0}","{'R0': 5479, 'R1': 5479, 'R2': 5479, 'R3': 5479, 'R4': 15, 'R5': 15, 'R6': 15}",,
08023080,0.6068679008129929,0.248005870548258,MagnitudeFailure,"{'R0': 1541, 'R1': 1952, 'R2': 85, 'R3': 2785, 'R4': 6, 'R5': 0, 'R6': 0}","{'R0': 5479, 'R1': 4558, 'R2': 5479, 'R3': 4558, 'R4': 15, 'R5': 15, 'R6': 15}",,
08025500,0.6878934429749894,0.22581284384533154,MagnitudeFailure,"{'R0': 1713, 'R1': 2033, 'R2': 325, 'R3': 2398, 'R4': 6, 'R5': 0, 'R6': 0}","{'R0': 5479, 'R1': 5479, 'R2': 5479, 'R3': 5479, 'R4': 15, 'R5': 15, 'R6': 15}",,
08029500,0.6263963485175243,0.14161430222755284,MagnitudeFailure,"{'R0': 725, 'R1': 1139, 'R2': 780, 'R3': 961, 'R4': 5, 'R5': 0, 'R6': 0}","{'R0': 5479, 'R1': 5479, 'R2': 5479, 'R3': 5479, 'R4': 15, 'R5': 15, 'R6': 15}",,
08050800,0.3489547404066641,0.3240649386682262,MagnitudeFailure,"{'R0': 2299, 'R1': 1266, 'R2': 48, 'R3': 1963, 'R4': 7, 'R5': 0, 'R6': 1}","{'R0': 5479, 'R1': 2471, 'R2': 5479, 'R3': 2471, 'R4': 15, 'R5': 15, 'R6': 15}",,
08066200,0.6162010072108287,0.21971784120503926,MagnitudeFailure,"{'R0': 903, 'R1': 2041, 'R2': 81, 'R3': 3884, 'R4': 4, 'R5': 0, 'R6': 0}","{'R0': 5479, 'R1': 5427, 'R2': 5479, 'R3': 5427, 'R4': 15, 'R5': 15, 'R6': 15}",,
08066300,0.6372025432627515,0.11778305043499422,MagnitudeFailure,"{'R0': 211, 'R1': 531, 'R2': 250, 'R3': 1699, 'R4': 5, 'R5': 0, 'R6': 0}","{'R0': 5479, 'R1': 5479, 'R2': 5479, 'R3': 5479, 'R4': 15, 'R5': 15, 'R6': 15}",,
08070000,0.6432804210785608,0.20546849877019618,MagnitudeFailure,"{'R0': 1187, 'R1': 1496, 'R2': 602, 'R3': 2769, 'R4': 5, 'R5': 0, 'R6': 0}","{'R0': 5479, 'R1': 5479, 'R2': 5479, 'R3': 5479, 'R4': 15, 'R5': 15, 'R6': 15}",,
08070200,0.6964419204215636,0.1844271199993047,MagnitudeFailure,"{'R0': 904, 'R1': 1229, 'R2': 546, 'R3': 2568, 'R4': 5, 'R5': 0, 'R6': 0}","{'R0': 5479, 'R1': 5479, 'R2': 5479, 'R3': 5479, 'R4': 15, 'R5': 15, 'R6': 15}",,
08079600,-0.23877854905562113,0.3186381662745963,MagnitudeFailure,"{'R0': 1767, 'R1': 1626, 'R2': 205, 'R3': 1590, 'R4': 8, 'R5': 0, 'R6': 0}","{'R0': 5479, 'R1': 2405, 'R2': 5479, 'R3': 2405, 'R4': 15, 'R5': 15, 'R6': 15}",,
08082700,0.09444928446823353,0.43766842022833685,MagnitudeFailure,"{'R0': 2665, 'R1': 1094, 'R2': 75, 'R3': 1242, 'R4': 10, 'R5': 0, 'R6': 5}","{'R0': 5479, 'R1': 1494, 'R2': 5479, 'R3': 1494, 'R4': 15, 'R5': 15, 'R6': 15}",,
08086212,0.536385928080517,0.42948775671471656,MagnitudeFailure,"{'R0': 3456, 'R1': 2935, 'R2': 363, 'R3': 3171, 'R4': 6, 'R5': 0, 'R6': 4}","{'R0': 5479, 'R1': 3717, 'R2': 5479, 'R3': 3717, 'R4': 15, 'R5': 15, 'R6': 15}",,
08086290,0.5269201069069086,0.41058014257079695,MagnitudeFailure,"{'R0': 2710, 'R1': 2700, 'R2': 33, 'R3': 2934, 'R4': 7, 'R5': 0, 'R6': 3}","{'R0': 5479, 'R1': 3301, 'R2': 5479, 'R3': 3301, 'R4': 15, 'R5': 15, 'R6': 15}",,
08101000,0.45084370664446183,0.2244511564925562,MagnitudeFailure,"{'R0': 471, 'R1': 1792, 'R2': 59, 'R3': 2581, 'R4': 9, 'R5': 0, 'R6': 0}","{'R0': 5479, 'R1': 5001, 'R2': 5479, 'R3': 5001, 'R4': 15, 'R5': 15, 'R6': 15}",,
08103900,0.4510874610137907,0.2098844133437748,TimingFailure,"{'R0': 313, 'R1': 885, 'R2': 0, 'R3': 1403, 'R4': 11, 'R5': 0, 'R6': 0}","{'R0': 5479, 'R1': 3371, 'R2': 5479, 'R3': 3371, 'R4': 15, 'R5': 15, 'R6': 15}",,
08104900,0.2685397038257137,0.20124242052313313,MagnitudeFailure,"{'R0': 1263, 'R1': 2047, 'R2': 138, 'R3': 2389, 'R4': 5, 'R5': 0, 'R6': 0}","{'R0': 5479, 'R1': 5412, 'R2': 5479, 'R3': 5412, 'R4': 15, 'R5': 15, 'R6': 15}",,
08109700,0.6358326830483304,0.2983405725788869,MagnitudeFailure,"{'R0': 1388, 'R1': 1991, 'R2': 686, 'R3': 3248, 'R4': 11, 'R5': 0, 'R6': 0}","{'R0': 5479, 'R1': 5365, 'R2': 5479, 'R3': 5365, 'R4': 15, 'R5': 15, 'R6': 15}",,
08150800,0.3942392371936372,0.2535629893201154,MagnitudeFailure,"{'R0': 1447, 'R1': 2088, 'R2': 842, 'R3': 3096, 'R4': 6, 'R5': 0, 'R6': 0}","{'R0': 5479, 'R1': 5416, 'R2': 5479, 'R3': 5416, 'R4': 15, 'R5': 15, 'R6': 15}",,
08155200,0.39009053726661913,0.22673531084882356,MagnitudeFailure,"{'R0': 1163, 'R1': 2073, 'R2': 78, 'R3': 2337, 'R4': 7, 'R5': 0, 'R6': 0}","{'R0': 5479, 'R1': 4933, 'R2': 5479, 'R3': 4933, 'R4': 15, 'R5': 15, 'R6': 15}",,
08158700,0.656025493276668,0.1844421610612002,MagnitudeFailure,"{'R0': 1249, 'R1': 1794, 'R2': 154, 'R3': 1987, 'R4': 3, 'R5': 0, 'R6': 0}","{'R0': 5479, 'R1': 4528, 'R2': 5479, 'R3': 4528, 'R4': 15, 'R5': 15, 'R6': 15}",,
08158810,0.32707077858121725,0.207948237115763,MagnitudeFailure,"{'R0': 1209, 'R1': 1363, 'R2': 155, 'R3': 1490, 'R4': 8, 'R5': 0, 'R6': 0}","{'R0': 5479, 'R1': 4237, 'R2': 5479, 'R3': 4237, 'R4': 15, 'R5': 15, 'R6': 15}",,
08164000,0.5555614080687954,0.2807898556392807,MagnitudeFailure,"{'R0': 1940, 'R1': 2519, 'R2': 364, 'R3': 3024, 'R4': 5, 'R5': 0, 'R6': 3}","{'R0': 5479, 'R1': 5479, 'R2': 5479, 'R3': 5479, 'R4': 15, 'R5': 15, 'R6': 15}",,
08164300,0.5577879174338709,0.25036662286333955,MagnitudeFailure,"{'R0': 1509, 'R1': 2001, 'R2': 146, 'R3': 3004, 'R4': 7, 'R5': 0, 'R6': 1}","{'R0': 5479, 'R1': 5457, 'R2': 5479, 'R3': 5457, 'R4': 15, 'R5': 15, 'R6': 15}",,
08164600,0.6456685225263346,0.28586211856186017,MagnitudeFailure,"{'R0': 1641, 'R1': 2680, 'R2': 37, 'R3': 3603, 'R4': 6, 'R5': 0, 'R6': 1}","{'R0': 5479, 'R1': 5116, 'R2': 5479, 'R3': 5116, 'R4': 15, 'R5': 15, 'R6': 15}",,
08165300,0.2627328870365775,0.2279456626600266,TimingFailure,"{'R0': 954, 'R1': 1788, 'R2': 1244, 'R3': 1469, 'R4': 9, 'R5': 0, 'R6': 0}","{'R0': 5479, 'R1': 5479, 'R2': 5479, 'R3': 5479, 'R4': 15, 'R5': 15, 'R6': 15}",,
08171300,0.38620478387668633,0.19334497256979113,MagnitudeFailure,"{'R0': 1518, 'R1': 1416, 'R2': 632, 'R3': 1342, 'R4': 5, 'R5': 0, 'R6': 0}","{'R0': 5479, 'R1': 4394, 'R2': 5479, 'R3': 4394, 'R4': 15, 'R5': 15, 'R6': 15}",,
08175000,0.6739604026115444,0.33277334303703937,MagnitudeFailure,"{'R0': 2017, 'R1': 3374, 'R2': 110, 'R3': 4282, 'R4': 6, 'R5': 0, 'R6': 2}","{'R0': 5479, 'R1': 5438, 'R2': 5479, 'R3': 5438, 'R4': 15, 'R5': 15, 'R6': 15}",,
08176900,0.5322589510113274,0.3232963972075518,MagnitudeFailure,"{'R0': 1917, 'R1': 2570, 'R2': 407, 'R3': 3351, 'R4': 7, 'R5': 0, 'R6': 3}","{'R0': 5479, 'R1': 5051, 'R2': 5479, 'R3': 5051, 'R4': 15, 'R5': 15, 'R6': 15}",,
08178880,0.06403293408106081,0.27223522918230253,MagnitudeFailure,"{'R0': 1574, 'R1': 2544, 'R2': 1252, 'R3': 1771, 'R4': 8, 'R5': 0, 'R6': 1}","{'R0': 5479, 'R1': 5463, 'R2': 5479, 'R3': 5463, 'R4': 15, 'R5': 15, 'R6': 15}",,
08189500,0.6264883497096856,0.3116035114953792,MagnitudeFailure,"{'R0': 1790, 'R1': 2693, 'R2': 257, 'R3': 3903, 'R4': 6, 'R5': 0, 'R6': 3}","{'R0': 5479, 'R1': 5462, 'R2': 5479, 'R3': 5462, 'R4': 15, 'R5': 15, 'R6': 15}",,
08190000,-0.06790836473959638,0.21286122771795338,MagnitudeFailure,"{'R0': 929, 'R1': 2327, 'R2': 1327, 'R3': 1024, 'R4': 7, 'R5': 0, 'R6': 0}","{'R0': 5479, 'R1': 5479, 'R2': 5479, 'R3': 5479, 'R4': 15, 'R5': 15, 'R6': 15}",,
08190500,-0.0747094478412389,0.3680165965575614,MagnitudeFailure,"{'R0': 1071, 'R1': 4002, 'R2': 88, 'R3': 4384, 'R4': 10, 'R5': 0, 'R6': 0}","{'R0': 5479, 'R1': 4939, 'R2': 5479, 'R3': 4939, 'R4': 15, 'R5': 15, 'R6': 15}",,
08194200,0.21980042382301423,0.4588511685003012,MagnitudeFailure,"{'R0': 2975, 'R1': 1872, 'R2': 150, 'R3': 1948, 'R4': 10, 'R5': 0, 'R6': 5}","{'R0': 5479, 'R1': 2327, 'R2': 5479, 'R3': 2327, 'R4': 15, 'R5': 15, 'R6': 15}",,
08195000,0.17609034372340915,0.2877914808924117,MagnitudeFailure,"{'R0': 1403, 'R1': 2683, 'R2': 1724, 'R3': 1575, 'R4': 10, 'R5': 0, 'R6': 0}","{'R0': 5479, 'R1': 5479, 'R2': 5479, 'R3': 5479, 'R4': 15, 'R5': 15, 'R6': 15}",,
08196000,0.06902454325710161,0.18558826341268395,MagnitudeFailure,"{'R0': 845, 'R1': 1598, 'R2': 803, 'R3': 1315, 'R4': 7, 'R5': 0, 'R6': 0}","{'R0': 5479, 'R1': 5479, 'R2': 5479, 'R3': 5479, 'R4': 15, 'R5': 15, 'R6': 15}",,
08198500,0.4090522093028356,0.3335534190045403,MagnitudeFailure,"{'R0': 1873, 'R1': 3547, 'R2': 222, 'R3': 4196, 'R4': 4, 'R5': 0, 'R6': 4}","{'R0': 5479, 'R1': 5456, 'R2': 5479, 'R3': 5456, 'R4': 15, 'R5': 15, 'R6': 15}",,
08200000,0.08869947342209905,0.25500569523622174,MagnitudeFailure,"{'R0': 1377, 'R1': 2116, 'R2': 540, 'R3': 1884, 'R4': 9, 'R5': 0, 'R6': 1}","{'R0': 5479, 'R1': 5205, 'R2': 5479, 'R3': 5205, 'R4': 15, 'R5': 15, 'R6': 15}",,
08202700,-0.4542919358578601,0.4050713028022685,MagnitudeFailure,"{'R0': 1955, 'R1': 161, 'R2': 2, 'R3': 171, 'R4': 9, 'R5': 0, 'R6': 4}","{'R0': 5479, 'R1': 206, 'R2': 5479, 'R3': 206, 'R4': 15, 'R5': 15, 'R6': 15}",,
08267500,0.7003666783035151,0.15137625044542366,TimingFailure,"{'R0': 0, 'R1': 48, 'R2': 0, 'R3': 644, 'R4': 14, 'R5': 0, 'R6': 0}","{'R0': 5479, 'R1': 5479, 'R2': 5479, 'R3': 5479, 'R4': 15, 'R5': 15, 'R6': 15}",,
08269000,0.2728498952591957,0.09754473791706864,TimingFailure,"{'R0': 0, 'R1': 76, 'R2': 0, 'R3': 743, 'R4': 8, 'R5': 0, 'R6': 0}","{'R0': 5479, 'R1': 5479, 'R2': 5479, 'R3': 5479, 'R4': 15, 'R5': 15, 'R6': 15}",,
08271000,0.766893214847332,0.12168365794939986,TimingFailure,"{'R0': 0, 'R1': 60, 'R2': 0, 'R3': 589, 'R4': 11, 'R5': 0, 'R6': 0}","{'R0': 5479, 'R1': 5479, 'R2': 5479, 'R3': 5479, 'R4': 15, 'R5': 15, 'R6': 15}",,
08324000,0.6980358697387619,0.2822708349629321,TimingFailure,"{'R0': 1406, 'R1': 1877, 'R2': 1750, 'R3': 1775, 'R4': 11, 'R5': 0, 'R6': 0}","{'R0': 5479, 'R1': 5479, 'R2': 5479, 'R3': 5479, 'R4': 15, 'R5': 15, 'R6': 15}",,
08377900,0.729949726194677,0.0814764599031801,TimingFailure,"{'R0': 0, 'R1': 70, 'R2': 1, 'R3': 497, 'R4': 7, 'R5': 0, 'R6': 0}","{'R0': 5479, 'R1': 5479, 'R2': 5479, 'R3': 5479, 'R4': 15, 'R5': 15, 'R6': 15}",,
08378500,0.7967464103757511,0.08289138615840567,TimingFailure,"{'R0': 0, 'R1': 9, 'R2': 0, 'R3': 248, 'R4': 8, 'R5': 0, 'R6': 0}","{'R0': 5479, 'R1': 5479, 'R2': 5479, 'R3': 5479, 'R4': 15, 'R5': 15, 'R6': 15}",,
08380500,0.41052945487882064,0.12540522688359884,TimingFailure,"{'R0': 0, 'R1': 227, 'R2': 4, 'R3': 926, 'R4': 10, 'R5': 0, 'R6': 0}","{'R0': 5479, 'R1': 5479, 'R2': 5479, 'R3': 5479, 'R4': 15, 'R5': 15, 'R6': 15}",,
09034900,0.8842535330832234,0.05671177395944689,TimingFailure,"{'R0': 0, 'R1': 17, 'R2': 0, 'R3': 697, 'R4': 4, 'R5': 0, 'R6': 0}","{'R0': 5479, 'R1': 5479, 'R2': 5479, 'R3': 5479, 'R4': 15, 'R5': 15, 'R6': 15}",,
09035800,0.5716492476474311,0.08680242310466804,TimingFailure,"{'R0': 0, 'R1': 2, 'R2': 0, 'R3': 405, 'R4': 8, 'R5': 0, 'R6': 0}","{'R0': 5479, 'R1': 5479, 'R2': 5479, 'R3': 5479, 'R4': 15, 'R5': 15, 'R6': 15}",,
09035900,0.8691672898475978,0.05805543243031836,TimingFailure,"{'R0': 0, 'R1': 0, 'R2': 0, 'R3': 35, 'R4': 6, 'R5': 0, 'R6': 0}","{'R0': 5479, 'R1': 5479, 'R2': 5479, 'R3': 5479, 'R4': 15, 'R5': 15, 'R6': 15}",,
09047700,0.7655014336730878,0.087949660608905,TimingFailure,"{'R0': 0, 'R1': 53, 'R2': 0, 'R3': 398, 'R4': 8, 'R5': 0, 'R6': 0}","{'R0': 5479, 'R1': 5479, 'R2': 5479, 'R3': 5479, 'R4': 15, 'R5': 15, 'R6': 15}",,
09065500,0.8681810068646197,0.1029819483916947,TimingFailure,"{'R0': 0, 'R1': 0, 'R2': 0, 'R3': 297, 'R4': 8, 'R5': 1, 'R6': 1}","{'R0': 5479, 'R1': 5479, 'R2': 5479, 'R3': 5479, 'R4': 15, 'R5': 15, 'R6': 15}",,
09066000,0.8903159103130609,0.07409763686456514,TimingFailure,"{'R0': 0, 'R1': 0, 'R2': 0, 'R3': 285, 'R4': 7, 'R5': 0, 'R6': 0}","{'R0': 5479, 'R1': 5479, 'R2': 5479, 'R3': 5479, 'R4': 15, 'R5': 15, 'R6': 15}",,
09066200,0.7349936006210662,0.10143665423826036,TimingFailure,"{'R0': 0, 'R1': 23, 'R2': 0, 'R3': 580, 'R4': 9, 'R5': 0, 'R6': 0}","{'R0': 5479, 'R1': 5479, 'R2': 5479, 'R3': 5479, 'R4': 15, 'R5': 15, 'R6': 15}",,
09066300,0.7930511427206526,0.15945414010520081,MagnitudeFailure,"{'R0': 0, 'R1': 471, 'R2': 0, 'R3': 2716, 'R4': 8, 'R5': 0, 'R6': 0}","{'R0': 5479, 'R1': 5468, 'R2': 5479, 'R3': 5468, 'R4': 15, 'R5': 15, 'R6': 15}",,
09081600,0.8062946432779038,0.08766980418741689,TimingFailure,"{'R0': 0, 'R1': 5, 'R2': 0, 'R3': 70, 'R4': 9, 'R5': 0, 'R6': 0}","{'R0': 5479, 'R1': 5479, 'R2': 5479, 'R3': 5479, 'R4': 15, 'R5': 15, 'R6': 15}",,
09107000,0.7668106354500799,0.04926168313647781,TimingFailure,"{'R0': 0, 'R1': 0, 'R2': 0, 'R3': 63, 'R4': 5, 'R5': 0, 'R6': 0}","{'R0': 5479, 'R1': 5479, 'R2': 5479, 'R3': 5479, 'R4': 15, 'R5': 15, 'R6': 15}",,
09210500,0.742592666910962,0.08889526243057909,TimingFailure,"{'R0': 0, 'R1': 70, 'R2': 3, 'R3': 49, 'R4': 9, 'R5': 0, 'R6': 0}","{'R0': 5479, 'R1': 5479, 'R2': 5479, 'R3': 5479, 'R4': 15, 'R5': 15, 'R6': 15}",,
09223000,0.8804223436527272,0.12783702274485262,TimingFailure,"{'R0': 2, 'R1': 46, 'R2': 13, 'R3': 824, 'R4': 11, 'R5': 0, 'R6': 0}","{'R0': 5479, 'R1': 5479, 'R2': 5479, 'R3': 5479, 'R4': 15, 'R5': 15, 'R6': 15}",,
09306242,-0.603849997290433,0.6831503837161804,MagnitudeFailure,"{'R0': 4360, 'R1': 4677, 'R2': 4419, 'R3': 4709, 'R4': 12, 'R5': 0, 'R6': 10}","{'R0': 5479, 'R1': 5479, 'R2': 5479, 'R3': 5479, 'R4': 15, 'R5': 15, 'R6': 15}",,
09312600,0.6275157816562158,0.13106714246981585,TimingFailure,"{'R0': 3, 'R1': 181, 'R2': 23, 'R3': 1161, 'R4': 10, 'R5': 0, 'R6': 0}","{'R0': 5479, 'R1': 5454, 'R2': 5479, 'R3': 5454, 'R4': 15, 'R5': 15, 'R6': 15}",,
09352900,0.7285923104373471,0.13911471505923048,TimingFailure,"{'R0': 0, 'R1': 13, 'R2': 0, 'R3': 574, 'R4': 13, 'R5': 0, 'R6': 0}","{'R0': 5479, 'R1': 5479, 'R2': 5479, 'R3': 5479, 'R4': 15, 'R5': 15, 'R6': 15}",,
09378170,0.5360490744561177,0.40030458166384264,MagnitudeFailure,"{'R0': 2495, 'R1': 3097, 'R2': 1143, 'R3': 3674, 'R4': 12, 'R5': 0, 'R6': 0}","{'R0': 5479, 'R1': 5060, 'R2': 5479, 'R3': 5060, 'R4': 15, 'R5': 15, 'R6': 15}",,
09378630,0.674783501734805,0.30715382473429365,MagnitudeFailure,"{'R0': 1475, 'R1': 1458, 'R2': 157, 'R3': 2015, 'R4': 11, 'R5': 0, 'R6': 0}","{'R0': 5479, 'R1': 3104, 'R2': 5479, 'R3': 3104, 'R4': 15, 'R5': 15, 'R6': 15}",,
09386900,0.21262547283398459,0.3647154017008393,MagnitudeFailure,"{'R0': 58, 'R1': 3268, 'R2': 44, 'R3': 3563, 'R4': 13, 'R5': 0, 'R6': 0}","{'R0': 5479, 'R1': 4096, 'R2': 5479, 'R3': 4096, 'R4': 15, 'R5': 15, 'R6': 15}",,
09404450,0.6162232345074588,0.13176196560025727,TimingFailure,"{'R0': 0, 'R1': 1, 'R2': 0, 'R3': 304, 'R4': 13, 'R5': 0, 'R6': 0}","{'R0': 5479, 'R1': 5479, 'R2': 5479, 'R3': 5479, 'R4': 15, 'R5': 15, 'R6': 15}",,
09430500,0.26972547007260306,0.1490730842437358,TimingFailure,"{'R0': 176, 'R1': 420, 'R2': 429, 'R3': 1405, 'R4': 9, 'R5': 0, 'R6': 0}","{'R0': 5479, 'R1': 5479, 'R2': 5479, 'R3': 5479, 'R4': 15, 'R5': 15, 'R6': 15}",,
09430600,0.12300200701573194,0.17317886358463555,TimingFailure,"{'R0': 10, 'R1': 972, 'R2': 28, 'R3': 1669, 'R4': 10, 'R5': 0, 'R6': 0}","{'R0': 5479, 'R1': 4903, 'R2': 5479, 'R3': 4903, 'R4': 15, 'R5': 15, 'R6': 15}",,
09447800,-0.4220962985671608,0.27744722272920846,MagnitudeFailure,"{'R0': 222, 'R1': 1897, 'R2': 893, 'R3': 3611, 'R4': 11, 'R5': 0, 'R6': 0}","{'R0': 5479, 'R1': 5479, 'R2': 5479, 'R3': 5479, 'R4': 15, 'R5': 15, 'R6': 15}",,
09480000,-0.17872992685712608,0.3323374743119078,MagnitudeFailure,"{'R0': 252, 'R1': 2758, 'R2': 532, 'R3': 3879, 'R4': 13, 'R5': 0, 'R6': 0}","{'R0': 5479, 'R1': 5041, 'R2': 5479, 'R3': 5041, 'R4': 15, 'R5': 15, 'R6': 15}",,
09484000,0.17309205199720945,0.22035804571015838,MagnitudeFailure,"{'R0': 0, 'R1': 1687, 'R2': 0, 'R3': 2285, 'R4': 7, 'R5': 0, 'R6': 0}","{'R0': 5479, 'R1': 3692, 'R2': 5479, 'R3': 3692, 'R4': 15, 'R5': 15, 'R6': 15}",,
09484600,-0.46065072724099276,0.3782549917511052,MagnitudeFailure,"{'R0': 167, 'R1': 4633, 'R2': 350, 'R3': 4967, 'R4': 12, 'R5': 0, 'R6': 0}","{'R0': 5479, 'R1': 5475, 'R2': 5479, 'R3': 5475, 'R4': 15, 'R5': 15, 'R6': 15}",,
09492400,0.6508771689628639,0.12252496545250699,TimingFailure,"{'R0': 0, 'R1': 139, 'R2': 0, 'R3': 177, 'R4': 12, 'R5': 0, 'R6': 0}","{'R0': 5479, 'R1': 5479, 'R2': 5479, 'R3': 5479, 'R4': 15, 'R5': 15, 'R6': 15}",,
09494000,0.6753709481706944,0.12632475512563118,TimingFailure,"{'R0': 0, 'R1': 154, 'R2': 0, 'R3': 673, 'R4': 11, 'R5': 0, 'R6': 0}","{'R0': 5479, 'R1': 5479, 'R2': 5479, 'R3': 5479, 'R4': 15, 'R5': 15, 'R6': 15}",,
09497800,-1.1937276632927212,0.12901665593251618,TimingFailure,"{'R0': 21, 'R1': 116, 'R2': 80, 'R3': 658, 'R4': 11, 'R5': 0, 'R6': 0}","{'R0': 5479, 'R1': 5114, 'R2': 5479, 'R3': 5114, 'R4': 15, 'R5': 15, 'R6': 15}",,
09497980,0.584647351529721,0.2040692166627556,MagnitudeFailure,"{'R0': 0, 'R1': 378, 'R2': 0, 'R3': 3796, 'R4': 10, 'R5': 0, 'R6': 0}","{'R0': 5479, 'R1': 5479, 'R2': 5479, 'R3': 5479, 'R4': 15, 'R5': 15, 'R6': 15}",,
09505200,0.6250031940387142,0.08819649049618021,TimingFailure,"{'R0': 30, 'R1': 347, 'R2': 137, 'R3': 677, 'R4': 6, 'R5': 0, 'R6': 0}","{'R0': 5479, 'R1': 5479, 'R2': 5479, 'R3': 5479, 'R4': 15, 'R5': 15, 'R6': 15}",,
09505350,0.6272181387312794,0.23390922035519587,MagnitudeFailure,"{'R0': 138, 'R1': 730, 'R2': 1, 'R3': 873, 'R4': 9, 'R5': 0, 'R6': 0}","{'R0': 5479, 'R1': 1584, 'R2': 5479, 'R3': 1584, 'R4': 15, 'R5': 15, 'R6': 15}",,
09505800,0.41019265097408786,0.09282542000191206,TimingFailure,"{'R0': 0, 'R1': 102, 'R2': 1, 'R3': 535, 'R4': 8, 'R5': 0, 'R6': 0}","{'R0': 5479, 'R1': 5479, 'R2': 5479, 'R3': 5479, 'R4': 15, 'R5': 15, 'R6': 15}",,
09508300,0.08449656660783011,0.27603043285566553,MagnitudeFailure,"{'R0': 0, 'R1': 2300, 'R2': 0, 'R3': 2853, 'R4': 9, 'R5': 0, 'R6': 0}","{'R0': 5479, 'R1': 3868, 'R2': 5479, 'R3': 3868, 'R4': 15, 'R5': 15, 'R6': 15}",,
09510200,0.6098062142775833,0.33297659585968326,MagnitudeFailure,"{'R0': 0, 'R1': 3346, 'R2': 0, 'R3': 3691, 'R4': 11, 'R5': 0, 'R6': 0}","{'R0': 5479, 'R1': 4405, 'R2': 5479, 'R3': 4405, 'R4': 15, 'R5': 15, 'R6': 15}",,
09512280,0.04658359136574286,0.3046894803548796,MagnitudeFailure,"{'R0': 0, 'R1': 1649, 'R2': 0, 'R3': 2137, 'R4': 8, 'R5': 0, 'R6': 0}","{'R0': 5479, 'R1': 2367, 'R2': 5479, 'R3': 2367, 'R4': 15, 'R5': 15, 'R6': 15}",,
10023000,0.41425657048289133,0.1406200297238808,TimingFailure,"{'R0': 0, 'R1': 478, 'R2': 0, 'R3': 532, 'R4': 12, 'R5': 0, 'R6': 0}","{'R0': 5479, 'R1': 5479, 'R2': 5479, 'R3': 5479, 'R4': 15, 'R5': 15, 'R6': 15}",,
10166430,0.2369745781114313,0.36649004410490216,MagnitudeFailure,"{'R0': 2005, 'R1': 3261, 'R2': 2229, 'R3': 2542, 'R4': 11, 'R5': 0, 'R6': 0}","{'R0': 5479, 'R1': 5478, 'R2': 5479, 'R3': 5478, 'R4': 15, 'R5': 15, 'R6': 15}",,
10172700,0.5733784650099789,0.13989692244848295,TimingFailure,"{'R0': 0, 'R1': 29, 'R2': 0, 'R3': 588, 'R4': 13, 'R5': 0, 'R6': 0}","{'R0': 5479, 'R1': 5479, 'R2': 5479, 'R3': 5479, 'R4': 15, 'R5': 15, 'R6': 15}",,
10172800,0.8886808493266348,0.35517082540261946,BudgetScaleFailure,"{'R0': 0, 'R1': 0, 'R2': 0, 'R3': 107, 'R4': 9, 'R5': 14, 'R6': 14}","{'R0': 5479, 'R1': 5479, 'R2': 5479, 'R3': 5479, 'R4': 15, 'R5': 15, 'R6': 15}",,
10173450,0.7875726398028379,0.1633651489073176,TimingFailure,"{'R0': 0, 'R1': 377, 'R2': 0, 'R3': 1505, 'R4': 12, 'R5': 0, 'R6': 0}","{'R0': 5479, 'R1': 5478, 'R2': 5479, 'R3': 5478, 'R4': 15, 'R5': 15, 'R6': 15}",,
10205030,0.3841256542175674,0.11176179177639298,TimingFailure,"{'R0': 0, 'R1': 25, 'R2': 0, 'R3': 974, 'R4': 9, 'R5': 0, 'R6': 0}","{'R0': 5479, 'R1': 5479, 'R2': 5479, 'R3': 5479, 'R4': 15, 'R5': 15, 'R6': 15}",,
10234500,0.8557665065416342,0.06773568343197837,TimingFailure,"{'R0': 0, 'R1': 1, 'R2': 0, 'R3': 40, 'R4': 7, 'R5': 0, 'R6': 0}","{'R0': 5479, 'R1': 5479, 'R2': 5479, 'R3': 5479, 'R4': 15, 'R5': 15, 'R6': 15}",,
10242000,0.6089243033051424,0.15574965887066636,TimingFailure,"{'R0': 0, 'R1': 92, 'R2': 0, 'R3': 1133, 'R4': 13, 'R5': 0, 'R6': 0}","{'R0': 5479, 'R1': 5479, 'R2': 5479, 'R3': 5479, 'R4': 15, 'R5': 15, 'R6': 15}",,
10244950,0.6496091351523051,0.12162455783554524,TimingFailure,"{'R0': 0, 'R1': 1, 'R2': 0, 'R3': 1011, 'R4': 10, 'R5': 0, 'R6': 0}","{'R0': 5479, 'R1': 5479, 'R2': 5479, 'R3': 5479, 'R4': 15, 'R5': 15, 'R6': 15}",,
10249300,0.5501415181382556,0.12493590245004736,TimingFailure,"{'R0': 0, 'R1': 71, 'R2': 0, 'R3': 1068, 'R4': 10, 'R5': 0, 'R6': 0}","{'R0': 5479, 'R1': 5479, 'R2': 5479, 'R3': 5479, 'R4': 15, 'R5': 15, 'R6': 15}",,
10258000,0.24974306522782241,0.27048559686293266,MagnitudeFailure,"{'R0': 169, 'R1': 1313, 'R2': 82, 'R3': 2286, 'R4': 13, 'R5': 0, 'R6': 0}","{'R0': 5479, 'R1': 3669, 'R2': 5479, 'R3': 3669, 'R4': 15, 'R5': 15, 'R6': 15}",,
10258500,-1.1763920196045645,0.2908072483445059,MagnitudeFailure,"{'R0': 177, 'R1': 1012, 'R2': 0, 'R3': 1390, 'R4': 8, 'R5': 0, 'R6': 0}","{'R0': 5479, 'R1': 1634, 'R2': 5479, 'R3': 1634, 'R4': 15, 'R5': 15, 'R6': 15}",,
10259000,0.31885080603145766,0.24196455731407362,TimingFailure,"{'R0': 0, 'R1': 106, 'R2': 0, 'R3': 2234, 'R4': 11, 'R5': 4, 'R6': 4}","{'R0': 5479, 'R1': 5479, 'R2': 5479, 'R3': 5479, 'R4': 15, 'R5': 15, 'R6': 15}",,
10259200,-0.43669382289682557,0.3258765787896293,MagnitudeFailure,"{'R0': 160, 'R1': 1642, 'R2': 17, 'R3': 2074, 'R4': 11, 'R5': 0, 'R6': 0}","{'R0': 5479, 'R1': 2452, 'R2': 5479, 'R3': 2452, 'R4': 15, 'R5': 15, 'R6': 15}",,
10263500,0.5459662103291388,0.141428310692775,TimingFailure,"{'R0': 0, 'R1': 83, 'R2': 0, 'R3': 958, 'R4': 10, 'R5': 1, 'R6': 1}","{'R0': 5479, 'R1': 5479, 'R2': 5479, 'R3': 5479, 'R4': 15, 'R5': 15, 'R6': 15}",,
10310500,0.26541563530919365,0.08761765702813339,TimingFailure,"{'R0': 0, 'R1': 17, 'R2': 0, 'R3': 56, 'R4': 9, 'R5': 0, 'R6': 0}","{'R0': 5479, 'R1': 5479, 'R2': 5479, 'R3': 5479, 'R4': 15, 'R5': 15, 'R6': 15}",,
10316500,0.7897802973432722,0.35250784380187555,BudgetScaleFailure,"{'R0': 0, 'R1': 237, 'R2': 0, 'R3': 2690, 'R4': 7, 'R5': 11, 'R6': 11}","{'R0': 5479, 'R1': 5479, 'R2': 5479, 'R3': 5479, 'R4': 15, 'R5': 15, 'R6': 15}",,
10329500,0.5452855376685745,0.1884580954119191,TimingFailure,"{'R0': 0, 'R1': 34, 'R2': 0, 'R3': 3176, 'R4': 11, 'R5': 0, 'R6': 0}","{'R0': 5479, 'R1': 5479, 'R2': 5479, 'R3': 5479, 'R4': 15, 'R5': 15, 'R6': 15}",,
10336645,0.6803056369518471,0.2011541904588081,MagnitudeFailure,"{'R0': 1409, 'R1': 1713, 'R2': 292, 'R3': 1744, 'R4': 7, 'R5': 0, 'R6': 0}","{'R0': 5479, 'R1': 5479, 'R2': 5479, 'R3': 5479, 'R4': 15, 'R5': 15, 'R6': 15}",,
10336660,0.4573659661232352,0.3083426763660383,BudgetScaleFailure,"{'R0': 974, 'R1': 1428, 'R2': 95, 'R3': 1293, 'R4': 6, 'R5': 8, 'R6': 8}","{'R0': 5479, 'R1': 5479, 'R2': 5479, 'R3': 5479, 'R4': 15, 'R5': 15, 'R6': 15}",,
10336740,0.24790013826671098,0.14320131410841394,TimingFailure,"{'R0': 0, 'R1': 317, 'R2': 0, 'R3': 792, 'R4': 12, 'R5': 0, 'R6': 0}","{'R0': 5479, 'R1': 5479, 'R2': 5479, 'R3': 5479, 'R4': 15, 'R5': 15, 'R6': 15}",,
10343500,0.39890293650592956,0.1482960915704117,TimingFailure,"{'R0': 766, 'R1': 1109, 'R2': 812, 'R3': 809, 'R4': 6, 'R5': 0, 'R6': 0}","{'R0': 5479, 'R1': 5479, 'R2': 5479, 'R3': 5479, 'R4': 15, 'R5': 15, 'R6': 15}",,
10348850,0.09269919413761896,0.0899642791958908,TimingFailure,"{'R0': 0, 'R1': 24, 'R2': 0, 'R3': 139, 'R4': 7, 'R5': 1, 'R6': 1}","{'R0': 5479, 'R1': 5479, 'R2': 5479, 'R3': 5479, 'R4': 15, 'R5': 15, 'R6': 15}",,
10396000,0.39039009428851146,0.1075517777835719,TimingFailure,"{'R0': 0, 'R1': 99, 'R2': 0, 'R3': 8, 'R4': 11, 'R5': 0, 'R6': 0}","{'R0': 5479, 'R1': 5479, 'R2': 5479, 'R3': 5479, 'R4': 15, 'R5': 15, 'R6': 15}",,
11098000,0.4850300701349557,0.265012512298245,MagnitudeFailure,"{'R0': 1790, 'R1': 2375, 'R2': 525, 'R3': 2542, 'R4': 6, 'R5': 0, 'R6': 2}","{'R0': 5479, 'R1': 5468, 'R2': 5479, 'R3': 5468, 'R4': 15, 'R5': 15, 'R6': 15}",,
11124500,0.5812018099754099,0.2648908215585441,MagnitudeFailure,"{'R0': 1913, 'R1': 1409, 'R2': 336, 'R3': 1868, 'R4': 9, 'R5': 0, 'R6': 1}","{'R0': 5479, 'R1': 4217, 'R2': 5479, 'R3': 4217, 'R4': 15, 'R5': 15, 'R6': 15}",,
11141280,0.5099748646596134,0.09123493164376538,TimingFailure,"{'R0': 0, 'R1': 496, 'R2': 1, 'R3': 80, 'R4': 8, 'R5': 0, 'R6': 0}","{'R0': 5479, 'R1': 5479, 'R2': 5479, 'R3': 5479, 'R4': 15, 'R5': 15, 'R6': 15}",,
11143000,0.5283453457880807,0.10024422252931105,TimingFailure,"{'R0': 0, 'R1': 5, 'R2': 0, 'R3': 187, 'R4': 10, 'R5': 0, 'R6': 0}","{'R0': 5479, 'R1': 5479, 'R2': 5479, 'R3': 5479, 'R4': 15, 'R5': 15, 'R6': 15}",,
11148900,0.350148254668197,0.1518887795334337,MagnitudeFailure,"{'R0': 1495, 'R1': 724, 'R2': 0, 'R3': 1232, 'R4': 4, 'R5': 0, 'R6': 0}","{'R0': 5479, 'R1': 3735, 'R2': 5479, 'R3': 3735, 'R4': 15, 'R5': 15, 'R6': 15}",,
11151300,0.08619567999173994,0.42245956483816727,MagnitudeFailure,"{'R0': 2999, 'R1': 3372, 'R2': 1011, 'R3': 3833, 'R4': 9, 'R5': 0, 'R6': 4}","{'R0': 5479, 'R1': 5303, 'R2': 5479, 'R3': 5303, 'R4': 15, 'R5': 15, 'R6': 15}",,
11162500,0.6000551636415412,0.1857047254017504,MagnitudeFailure,"{'R0': 1334, 'R1': 1529, 'R2': 318, 'R3': 2115, 'R4': 5, 'R5': 0, 'R6': 0}","{'R0': 5479, 'R1': 5479, 'R2': 5479, 'R3': 5479, 'R4': 15, 'R5': 15, 'R6': 15}",,
11176400,0.6198711072186713,0.21927109227461697,MagnitudeFailure,"{'R0': 231, 'R1': 1416, 'R2': 0, 'R3': 2548, 'R4': 5, 'R5': 0, 'R6': 0}","{'R0': 5479, 'R1': 3419, 'R2': 5479, 'R3': 3419, 'R4': 15, 'R5': 15, 'R6': 15}",,
11180500,0.21276764162212658,0.20574973367191943,MagnitudeFailure,"{'R0': 1595, 'R1': 663, 'R2': 5, 'R3': 1000, 'R4': 7, 'R5': 0, 'R6': 0}","{'R0': 5479, 'R1': 2440, 'R2': 5479, 'R3': 2440, 'R4': 15, 'R5': 15, 'R6': 15}",,
11180960,0.4253428739529046,0.19979006272943625,MagnitudeFailure,"{'R0': 1220, 'R1': 1242, 'R2': 0, 'R3': 1953, 'R4': 6, 'R5': 0, 'R6': 0}","{'R0': 5479, 'R1': 4118, 'R2': 5479, 'R3': 4118, 'R4': 15, 'R5': 15, 'R6': 15}",,
11224500,0.128460176737362,0.3921911037978603,MagnitudeFailure,"{'R0': 3052, 'R1': 1662, 'R2': 514, 'R3': 1955, 'R4': 8, 'R5': 0, 'R6': 6}","{'R0': 5479, 'R1': 3115, 'R2': 5479, 'R3': 3115, 'R4': 15, 'R5': 15, 'R6': 15}",,
11230500,0.8437415446040982,0.12280308363535229,TimingFailure,"{'R0': 0, 'R1': 483, 'R2': 0, 'R3': 1670, 'R4': 7, 'R5': 0, 'R6': 0}","{'R0': 5479, 'R1': 5479, 'R2': 5479, 'R3': 5479, 'R4': 15, 'R5': 15, 'R6': 15}",,
11237500,0.7081225486065004,0.23650992890751527,MagnitudeFailure,"{'R0': 1394, 'R1': 1942, 'R2': 10, 'R3': 2801, 'R4': 8, 'R5': 0, 'R6': 0}","{'R0': 5479, 'R1': 5477, 'R2': 5479, 'R3': 5477, 'R4': 15, 'R5': 15, 'R6': 15}",,
11253310,0.1708170088996549,0.29009393323719557,MagnitudeFailure,"{'R0': 1766, 'R1': 1222, 'R2': 277, 'R3': 1531, 'R4': 11, 'R5': 0, 'R6': 0}","{'R0': 5479, 'R1': 2978, 'R2': 5479, 'R3': 2978, 'R4': 15, 'R5': 15, 'R6': 15}",,
11264500,0.8582514867261083,0.11921014436071929,MagnitudeFailure,"{'R0': 0, 'R1': 1079, 'R2': 0, 'R3': 2032, 'R4': 4, 'R5': 0, 'R6': 0}","{'R0': 5479, 'R1': 5479, 'R2': 5479, 'R3': 5479, 'R4': 15, 'R5': 15, 'R6': 15}",,
11266500,0.8273254877575061,0.1260223016017869,MagnitudeFailure,"{'R0': 0, 'R1': 883, 'R2': 0, 'R3': 2124, 'R4': 5, 'R5': 0, 'R6': 0}","{'R0': 5479, 'R1': 5479, 'R2': 5479, 'R3': 5479, 'R4': 15, 'R5': 15, 'R6': 15}",,
11274500,0.2891301361206894,0.2003928665961328,MagnitudeFailure,"{'R0': 1478, 'R1': 516, 'R2': 0, 'R3': 893, 'R4': 5, 'R5': 0, 'R6': 0}","{'R0': 5479, 'R1': 1762, 'R2': 5479, 'R3': 1762, 'R4': 15, 'R5': 15, 'R6': 15}",,
11274630,0.5659361137522481,0.211719940397274,MagnitudeFailure,"{'R0': 564, 'R1': 1230, 'R2': 22, 'R3': 2313, 'R4': 5, 'R5': 0, 'R6': 0}","{'R0': 5479, 'R1': 3401, 'R2': 5479, 'R3': 3401, 'R4': 15, 'R5': 15, 'R6': 15}",,
11284400,0.6062353287918014,0.21678988908387234,MagnitudeFailure,"{'R0': 29, 'R1': 1046, 'R2': 0, 'R3': 2197, 'R4': 9, 'R5': 0, 'R6': 0}","{'R0': 5479, 'R1': 3555, 'R2': 5479, 'R3': 3555, 'R4': 15, 'R5': 15, 'R6': 15}",,
11299600,0.4958403562306518,0.21169134862261987,MagnitudeFailure,"{'R0': 3, 'R1': 1157, 'R2': 0, 'R3': 2173, 'R4': 7, 'R5': 0, 'R6': 0}","{'R0': 5479, 'R1': 3282, 'R2': 5479, 'R3': 3282, 'R4': 15, 'R5': 15, 'R6': 15}",,
11381500,0.4695849900737674,0.044639706585317095,TimingFailure,"{'R0': 0, 'R1': 249, 'R2': 0, 'R3': 2, 'R4': 4, 'R5': 0, 'R6': 0}","{'R0': 5479, 'R1': 5479, 'R2': 5479, 'R3': 5479, 'R4': 15, 'R5': 15, 'R6': 15}",,
11383500,0.566093483177015,0.03934676991804205,TimingFailure,"{'R0': 0, 'R1': 3, 'R2': 0, 'R3': 45, 'R4': 4, 'R5': 0, 'R6': 0}","{'R0': 5479, 'R1': 5479, 'R2': 5479, 'R3': 5479, 'R4': 15, 'R5': 15, 'R6': 15}",,
11451100,0.4828219227987296,0.12704214908764505,MagnitudeFailure,"{'R0': 1009, 'R1': 1104, 'R2': 0, 'R3': 1942, 'R4': 2, 'R5': 0, 'R6': 0}","{'R0': 5479, 'R1': 5327, 'R2': 5479, 'R3': 5327, 'R4': 15, 'R5': 15, 'R6': 15}",,
11468500,0.8093802035388629,0.13791185391842448,MagnitudeFailure,"{'R0': 989, 'R1': 1120, 'R2': 10, 'R3': 1344, 'R4': 5, 'R5': 0, 'R6': 0}","{'R0': 5479, 'R1': 5479, 'R2': 5479, 'R3': 5479, 'R4': 15, 'R5': 15, 'R6': 15}",,
11473900,0.6572806821025119,0.17270096211508879,MagnitudeFailure,"{'R0': 0, 'R1': 1642, 'R2': 0, 'R3': 2790, 'R4': 6, 'R5': 0, 'R6': 0}","{'R0': 5479, 'R1': 5479, 'R2': 5479, 'R3': 5479, 'R4': 15, 'R5': 15, 'R6': 15}",,
11475560,0.5445816702921696,0.11089441069364413,TimingFailure,"{'R0': 145, 'R1': 223, 'R2': 0, 'R3': 963, 'R4': 8, 'R5': 0, 'R6': 0}","{'R0': 5479, 'R1': 5479, 'R2': 5479, 'R3': 5479, 'R4': 15, 'R5': 15, 'R6': 15}",,
11476600,0.9159963278302923,0.09826610695382369,MagnitudeFailure,"{'R0': 46, 'R1': 690, 'R2': 0, 'R3': 1937, 'R4': 3, 'R5': 0, 'R6': 0}","{'R0': 5479, 'R1': 5479, 'R2': 5479, 'R3': 5479, 'R4': 15, 'R5': 15, 'R6': 15}",,
11478500,0.7122412305993255,0.06067495806499274,TimingFailure,"{'R0': 74, 'R1': 240, 'R2': 3, 'R3': 549, 'R4': 4, 'R5': 0, 'R6': 0}","{'R0': 5479, 'R1': 5479, 'R2': 5479, 'R3': 5479, 'R4': 15, 'R5': 15, 'R6': 15}",,
11480390,0.6935850342274714,0.12313102232287156,MagnitudeFailure,"{'R0': 426, 'R1': 567, 'R2': 0, 'R3': 1464, 'R4': 5, 'R5': 0, 'R6': 0}","{'R0': 5479, 'R1': 4505, 'R2': 5479, 'R3': 4505, 'R4': 15, 'R5': 15, 'R6': 15}",,
11481200,0.6985145358630043,0.10029463144995177,TimingFailure,"{'R0': 392, 'R1': 633, 'R2': 8, 'R3': 622, 'R4': 6, 'R5': 0, 'R6': 0}","{'R0': 5479, 'R1': 5479, 'R2': 5479, 'R3': 5479, 'R4': 15, 'R5': 15, 'R6': 15}",,
11482500,0.8397038725846817,0.09852858098888397,TimingFailure,"{'R0': 32, 'R1': 168, 'R2': 0, 'R3': 1022, 'R4': 7, 'R5': 0, 'R6': 0}","{'R0': 5479, 'R1': 5479, 'R2': 5479, 'R3': 5479, 'R4': 15, 'R5': 15, 'R6': 15}",,
11522500,0.6883077528200938,0.07803474739046924,TimingFailure,"{'R0': 19, 'R1': 182, 'R2': 18, 'R3': 217, 'R4': 7, 'R5': 0, 'R6': 0}","{'R0': 5479, 'R1': 5479, 'R2': 5479, 'R3': 5479, 'R4': 15, 'R5': 15, 'R6': 15}",,
11523200,0.6515459782841055,0.07732380778557088,TimingFailure,"{'R0': 174, 'R1': 348, 'R2': 9, 'R3': 243, 'R4': 6, 'R5': 0, 'R6': 0}","{'R0': 5479, 'R1': 5479, 'R2': 5479, 'R3': 5479, 'R4': 15, 'R5': 15, 'R6': 15}",,
11528700,0.7817587121126335,0.1028567952094143,TimingFailure,"{'R0': 0, 'R1': 172, 'R2': 0, 'R3': 1216, 'R4': 7, 'R5': 0, 'R6': 0}","{'R0': 5479, 'R1': 5479, 'R2': 5479, 'R3': 5479, 'R4': 15, 'R5': 15, 'R6': 15}",,
11532500,0.8803601751646393,0.0419802014618587,TimingFailure,"{'R0': 0, 'R1': 8, 'R2': 0, 'R3': 141, 'R4': 4, 'R5': 0, 'R6': 0}","{'R0': 5479, 'R1': 5479, 'R2': 5479, 'R3': 5479, 'R4': 15, 'R5': 15, 'R6': 15}",,
12010000,0.6282113630613132,0.06293119182332543,TimingFailure,"{'R0': 0, 'R1': 125, 'R2': 0, 'R3': 97, 'R4': 6, 'R5': 0, 'R6': 0}","{'R0': 5479, 'R1': 5479, 'R2': 5479, 'R3': 5479, 'R4': 15, 'R5': 15, 'R6': 15}",,
12013500,0.9090213832766819,0.12309163125005432,TimingFailure,"{'R0': 4, 'R1': 85, 'R2': 4, 'R3': 610, 'R4': 11, 'R5': 0, 'R6': 0}","{'R0': 5479, 'R1': 5479, 'R2': 5479, 'R3': 5479, 'R4': 15, 'R5': 15, 'R6': 15}",,
12020000,0.5298061845076952,0.14286931052764235,TimingFailure,"{'R0': 0, 'R1': 84, 'R2': 0, 'R3': 647, 'R4': 7, 'R5': 3, 'R6': 3}","{'R0': 5479, 'R1': 5479, 'R2': 5479, 'R3': 5479, 'R4': 15, 'R5': 15, 'R6': 15}",,
12025000,0.8439440231050785,0.03821865303887571,TimingFailure,"{'R0': 0, 'R1': 26, 'R2': 0, 'R3': 344, 'R4': 3, 'R5': 0, 'R6': 0}","{'R0': 5479, 'R1': 5479, 'R2': 5479, 'R3': 5479, 'R4': 15, 'R5': 15, 'R6': 15}",,
12025700,0.7927767093849769,0.07156849963931548,TimingFailure,"{'R0': 0, 'R1': 27, 'R2': 0, 'R3': 161, 'R4': 7, 'R5': 0, 'R6': 0}","{'R0': 5479, 'R1': 5479, 'R2': 5479, 'R3': 5479, 'R4': 15, 'R5': 15, 'R6': 15}",,
12035000,0.7799439096555282,0.16263482213473088,BudgetScaleFailure,"{'R0': 0, 'R1': 6, 'R2': 0, 'R3': 22, 'R4': 7, 'R5': 5, 'R6': 5}","{'R0': 5479, 'R1': 5479, 'R2': 5479, 'R3': 5479, 'R4': 15, 'R5': 15, 'R6': 15}",,
12040500,0.7111930325118301,0.13531492538610626,BudgetScaleFailure,"{'R0': 0, 'R1': 8, 'R2': 0, 'R3': 68, 'R4': 6, 'R5': 4, 'R6': 4}","{'R0': 5479, 'R1': 5479, 'R2': 5479, 'R3': 5479, 'R4': 15, 'R5': 15, 'R6': 15}",,
12041200,0.7960867353557537,0.07712912505757916,TimingFailure,"{'R0': 0, 'R1': 11, 'R2': 0, 'R3': 25, 'R4': 8, 'R5': 0, 'R6': 0}","{'R0': 5479, 'R1': 5479, 'R2': 5479, 'R3': 5479, 'R4': 15, 'R5': 15, 'R6': 15}",,
12043000,0.7401137794886113,0.09343206528824342,TimingFailure,"{'R0': 0, 'R1': 9, 'R2': 0, 'R3': 287, 'R4': 9, 'R5': 0, 'R6': 0}","{'R0': 5479, 'R1': 5479, 'R2': 5479, 'R3': 5479, 'R4': 15, 'R5': 15, 'R6': 15}",,
12048000,0.7375640134816996,0.07884998131393459,TimingFailure,"{'R0': 0, 'R1': 10, 'R2': 0, 'R3': 92, 'R4': 8, 'R5': 0, 'R6': 0}","{'R0': 5479, 'R1': 5479, 'R2': 5479, 'R3': 5479, 'R4': 15, 'R5': 15, 'R6': 15}",,
12054000,0.7062999582189905,0.27003015844045225,BudgetScaleFailure,"{'R0': 0, 'R1': 75, 'R2': 0, 'R3': 54, 'R4': 8, 'R5': 10, 'R6': 10}","{'R0': 5479, 'R1': 5479, 'R2': 5479, 'R3': 5479, 'R4': 15, 'R5': 15, 'R6': 15}",,
12056500,0.7413503709925522,0.2705255564536455,BudgetScaleFailure,"{'R0': 0, 'R1': 48, 'R2': 0, 'R3': 100, 'R4': 8, 'R5': 10, 'R6': 10}","{'R0': 5479, 'R1': 5479, 'R2': 5479, 'R3': 5479, 'R4': 15, 'R5': 15, 'R6': 15}",,
12073500,0.5909118332495515,0.08243422939535369,TimingFailure,"{'R0': 10, 'R1': 926, 'R2': 10, 'R3': 24, 'R4': 6, 'R5': 0, 'R6': 0}","{'R0': 5479, 'R1': 5479, 'R2': 5479, 'R3': 5479, 'R4': 15, 'R5': 15, 'R6': 15}",,
12082500,0.6308261287407921,0.04777548909689811,TimingFailure,"{'R0': 0, 'R1': 2, 'R2': 0, 'R3': 4, 'R4': 5, 'R5': 0, 'R6': 0}","{'R0': 5479, 'R1': 5479, 'R2': 5479, 'R3': 5479, 'R4': 15, 'R5': 15, 'R6': 15}",,
12092000,0.6663156602406699,0.11501577451568325,TimingFailure,"{'R0': 0, 'R1': 0, 'R2': 0, 'R3': 28, 'R4': 8, 'R5': 2, 'R6': 2}","{'R0': 5479, 'R1': 5479, 'R2': 5479, 'R3': 5479, 'R4': 15, 'R5': 15, 'R6': 15}",,
12095000,0.8431646442837898,0.04072866963905475,TimingFailure,"{'R0': 0, 'R1': 5, 'R2': 0, 'R3': 96, 'R4': 4, 'R5': 0, 'R6': 0}","{'R0': 5479, 'R1': 5479, 'R2': 5479, 'R3': 5479, 'R4': 15, 'R5': 15, 'R6': 15}",,
12114500,0.7671320829649563,0.15577051773437975,BudgetScaleFailure,"{'R0': 0, 'R1': 0, 'R2': 0, 'R3': 130, 'R4': 6, 'R5': 5, 'R6': 5}","{'R0': 5479, 'R1': 5479, 'R2': 5479, 'R3': 5479, 'R4': 15, 'R5': 15, 'R6': 15}",,
12115000,0.8339426733191391,0.18501985937649382,BudgetScaleFailure,"{'R0': 0, 'R1': 0, 'R2': 0, 'R3': 156, 'R4': 5, 'R5': 7, 'R6': 7}","{'R0': 5479, 'R1': 5479, 'R2': 5479, 'R3': 5479, 'R4': 15, 'R5': 15, 'R6': 15}",,
12115500,0.5871577656017253,0.24651700431952303,BudgetScaleFailure,"{'R0': 0, 'R1': 2, 'R2': 0, 'R3': 321, 'R4': 5, 'R5': 10, 'R6': 10}","{'R0': 5479, 'R1': 5479, 'R2': 5479, 'R3': 5479, 'R4': 15, 'R5': 15, 'R6': 15}",,
12117000,0.7977506374493145,0.03866885684735657,TimingFailure,"{'R0': 0, 'R1': 0, 'R2': 0, 'R3': 22, 'R4': 4, 'R5': 0, 'R6': 0}","{'R0': 5479, 'R1': 5479, 'R2': 5479, 'R3': 5479, 'R4': 15, 'R5': 15, 'R6': 15}",,
12141300,0.688808738672241,0.1645642670282203,TimingFailure,"{'R0': 0, 'R1': 2, 'R2': 0, 'R3': 100, 'R4': 9, 'R5': 4, 'R6': 4}","{'R0': 5479, 'R1': 5479, 'R2': 5479, 'R3': 5479, 'R4': 15, 'R5': 15, 'R6': 15}",,
12143600,0.6861967202710213,0.059020154877063066,TimingFailure,"{'R0': 0, 'R1': 0, 'R2': 0, 'R3': 72, 'R4': 4, 'R5': 1, 'R6': 1}","{'R0': 5479, 'R1': 5479, 'R2': 5479, 'R3': 5479, 'R4': 15, 'R5': 15, 'R6': 15}",,
12144000,0.7606533552065325,0.057820770213542615,TimingFailure,"{'R0': 0, 'R1': 1, 'R2': 0, 'R3': 25, 'R4': 6, 'R5': 0, 'R6': 0}","{'R0': 5479, 'R1': 5479, 'R2': 5479, 'R3': 5479, 'R4': 15, 'R5': 15, 'R6': 15}",,
12145500,0.8154106204762464,0.07268271060933955,TimingFailure,"{'R0': 0, 'R1': 17, 'R2': 0, 'R3': 579, 'R4': 6, 'R5': 0, 'R6': 0}","{'R0': 5479, 'R1': 5479, 'R2': 5479, 'R3': 5479, 'R4': 15, 'R5': 15, 'R6': 15}",,
12147500,0.6553757638075235,0.3242527746634335,BudgetScaleFailure,"{'R0': 0, 'R1': 5, 'R2': 0, 'R3': 12, 'R4': 8, 'R5': 13, 'R6': 13}","{'R0': 5479, 'R1': 5479, 'R2': 5479, 'R3': 5479, 'R4': 15, 'R5': 15, 'R6': 15}",,
12147600,0.4928788327302389,0.4093534621368167,BudgetScaleFailure,"{'R0': 0, 'R1': 34, 'R2': 0, 'R3': 690, 'R4': 11, 'R5': 15, 'R6': 15}","{'R0': 5479, 'R1': 5479, 'R2': 5479, 'R3': 5479, 'R4': 15, 'R5': 15, 'R6': 15}",,
12167000,0.8664626377868386,0.2115314751562242,BudgetScaleFailure,"{'R0': 0, 'R1': 7, 'R2': 0, 'R3': 70, 'R4': 8, 'R5': 7, 'R6': 7}","{'R0': 5479, 'R1': 5479, 'R2': 5479, 'R3': 5479, 'R4': 15, 'R5': 15, 'R6': 15}",,
12175500,0.6741920337641862,0.17192396944176466,BudgetScaleFailure,"{'R0': 0, 'R1': 6, 'R2': 0, 'R3': 13, 'R4': 8, 'R5': 5, 'R6': 5}","{'R0': 5479, 'R1': 5479, 'R2': 5479, 'R3': 5479, 'R4': 15, 'R5': 15, 'R6': 15}",,
12178100,0.6012733033303885,0.10596128942542522,TimingFailure,"{'R0': 0, 'R1': 10, 'R2': 0, 'R3': 36, 'R4': 9, 'R5': 1, 'R6': 1}","{'R0': 5479, 'R1': 5479, 'R2': 5479, 'R3': 5479, 'R4': 15, 'R5': 15, 'R6': 15}",,
12186000,0.6479237576912972,0.08748728912992465,TimingFailure,"{'R0': 0, 'R1': 4, 'R2': 0, 'R3': 64, 'R4': 9, 'R5': 0, 'R6': 0}","{'R0': 5479, 'R1': 5479, 'R2': 5479, 'R3': 5479, 'R4': 15, 'R5': 15, 'R6': 15}",,
12189500,0.6341756664898441,0.07642513840725193,TimingFailure,"{'R0': 0, 'R1': 5, 'R2': 0, 'R3': 4, 'R4': 8, 'R5': 0, 'R6': 0}","{'R0': 5479, 'R1': 5479, 'R2': 5479, 'R3': 5479, 'R4': 15, 'R5': 15, 'R6': 15}",,
12358500,0.8674223061533014,0.08083157336670752,TimingFailure,"{'R0': 0, 'R1': 29, 'R2': 0, 'R3': 149, 'R4': 8, 'R5': 0, 'R6': 0}","{'R0': 5479, 'R1': 5479, 'R2': 5479, 'R3': 5479, 'R4': 15, 'R5': 15, 'R6': 15}",,
12374250,0.4549989581374969,0.14269201018607844,TimingFailure,"{'R0': 176, 'R1': 992, 'R2': 356, 'R3': 296, 'R4': 10, 'R5': 0, 'R6': 0}","{'R0': 5479, 'R1': 5479, 'R2': 5479, 'R3': 5479, 'R4': 15, 'R5': 15, 'R6': 15}",,
12375900,0.8491086212398831,0.09643747990161569,TimingFailure,"{'R0': 0, 'R1': 1, 'R2': 0, 'R3': 45, 'R4': 10, 'R5': 0, 'R6': 0}","{'R0': 5479, 'R1': 5479, 'R2': 5479, 'R3': 5479, 'R4': 15, 'R5': 15, 'R6': 15}",,
12377150,0.8475910270236655,0.22172624479614805,BudgetScaleFailure,"{'R0': 0, 'R1': 2, 'R2': 0, 'R3': 466, 'R4': 8, 'R5': 7, 'R6': 7}","{'R0': 5479, 'R1': 5479, 'R2': 5479, 'R3': 5479, 'R4': 15, 'R5': 15, 'R6': 15}",,
12381400,0.9032433413670207,0.07711521914843689,TimingFailure,"{'R0': 0, 'R1': 23, 'R2': 0, 'R3': 743, 'R4': 6, 'R5': 0, 'R6': 0}","{'R0': 5479, 'R1': 5479, 'R2': 5479, 'R3': 5479, 'R4': 15, 'R5': 15, 'R6': 15}",,
12383500,0.8670380663624824,0.09685465717588368,TimingFailure,"{'R0': 0, 'R1': 0, 'R2': 0, 'R3': 62, 'R4': 10, 'R5': 0, 'R6': 0}","{'R0': 5479, 'R1': 5479, 'R2': 5479, 'R3': 5479, 'R4': 15, 'R5': 15, 'R6': 15}",,
12388400,0.7381590890807104,0.04038971310371201,TimingFailure,"{'R0': 0, 'R1': 33, 'R2': 0, 'R3': 55, 'R4': 4, 'R5': 0, 'R6': 0}","{'R0': 5479, 'R1': 5479, 'R2': 5479, 'R3': 5479, 'R4': 15, 'R5': 15, 'R6': 15}",,
12390700,0.7633958587079898,0.09439678773498814,TimingFailure,"{'R0': 0, 'R1': 25, 'R2': 0, 'R3': 308, 'R4': 9, 'R5': 0, 'R6': 0}","{'R0': 5479, 'R1': 5479, 'R2': 5479, 'R3': 5479, 'R4': 15, 'R5': 15, 'R6': 15}",,
12411000,0.7863919320452719,0.10066139980357902,TimingFailure,"{'R0': 0, 'R1': 12, 'R2': 0, 'R3': 196, 'R4': 10, 'R5': 0, 'R6': 0}","{'R0': 5479, 'R1': 5479, 'R2': 5479, 'R3': 5479, 'R4': 15, 'R5': 15, 'R6': 15}",,
12414500,0.882220009489345,0.08855630589523635,TimingFailure,"{'R0': 0, 'R1': 4, 'R2': 0, 'R3': 105, 'R4': 9, 'R5': 0, 'R6': 0}","{'R0': 5479, 'R1': 5479, 'R2': 5479, 'R3': 5479, 'R4': 15, 'R5': 15, 'R6': 15}",,
12447390,0.6371670041893365,0.09298186147976255,TimingFailure,"{'R0': 0, 'R1': 46, 'R2': 0, 'R3': 598, 'R4': 8, 'R5': 0, 'R6': 0}","{'R0': 5479, 'R1': 5479, 'R2': 5479, 'R3': 5479, 'R4': 15, 'R5': 15, 'R6': 15}",,
12451000,0.5721927458631193,0.02110743183931722,TimingFailure,"{'R0': 0, 'R1': 4, 'R2': 0, 'R3': 75, 'R4': 2, 'R5': 0, 'R6': 0}","{'R0': 5479, 'R1': 5479, 'R2': 5479, 'R3': 5479, 'R4': 15, 'R5': 15, 'R6': 15}",,
12488500,0.622866527876715,0.0724289277674932,TimingFailure,"{'R0': 0, 'R1': 7, 'R2': 0, 'R3': 214, 'R4': 7, 'R5': 0, 'R6': 0}","{'R0': 5479, 'R1': 5479, 'R2': 5479, 'R3': 5479, 'R4': 15, 'R5': 15, 'R6': 15}",,
13011500,0.7046500951772445,0.06154929210231273,TimingFailure,"{'R0': 0, 'R1': 1, 'R2': 0, 'R3': 168, 'R4': 6, 'R5': 0, 'R6': 0}","{'R0': 5479, 'R1': 5479, 'R2': 5479, 'R3': 5479, 'R4': 15, 'R5': 15, 'R6': 15}",,
13011900,0.781827923270811,0.03887744548449056,TimingFailure,"{'R0': 0, 'R1': 0, 'R2': 0, 'R3': 30, 'R4': 4, 'R5': 0, 'R6': 0}","{'R0': 5479, 'R1': 5479, 'R2': 5479, 'R3': 5479, 'R4': 15, 'R5': 15, 'R6': 15}",,
13018300,0.7490518993627501,0.09090292806299376,TimingFailure,"{'R0': 0, 'R1': 0, 'R2': 0, 'R3': 199, 'R4': 9, 'R5': 0, 'R6': 0}","{'R0': 5479, 'R1': 5479, 'R2': 5479, 'R3': 5479, 'R4': 15, 'R5': 15, 'R6': 15}",,
13023000,0.8764450636694037,0.04832303426937484,TimingFailure,"{'R0': 0, 'R1': 0, 'R2': 0, 'R3': 27, 'R4': 5, 'R5': 0, 'R6': 0}","{'R0': 5479, 'R1': 5479, 'R2': 5479, 'R3': 5479, 'R4': 15, 'R5': 15, 'R6': 15}",,
13083000,0.2900528463063765,0.11754491174093293,TimingFailure,"{'R0': 0, 'R1': 1, 'R2': 0, 'R3': 124, 'R4': 12, 'R5': 0, 'R6': 0}","{'R0': 5479, 'R1': 5479, 'R2': 5479, 'R3': 5479, 'R4': 15, 'R5': 15, 'R6': 15}",,
13161500,0.6769930289491999,0.1530241006787822,TimingFailure,"{'R0': 4, 'R1': 120, 'R2': 9, 'R3': 1718, 'R4': 11, 'R5': 0, 'R6': 0}","{'R0': 5479, 'R1': 5479, 'R2': 5479, 'R3': 5479, 'R4': 15, 'R5': 15, 'R6': 15}",,
13235000,0.5103810683888539,0.047671194778331115,TimingFailure,"{'R0': 0, 'R1': 0, 'R2': 0, 'R3': 2, 'R4': 5, 'R5': 0, 'R6': 0}","{'R0': 5479, 'R1': 5479, 'R2': 5479, 'R3': 5479, 'R4': 15, 'R5': 15, 'R6': 15}",,
13240000,0.4840229147277736,0.07918893784927732,TimingFailure,"{'R0': 0, 'R1': 52, 'R2': 0, 'R3': 63, 'R4': 8, 'R5': 0, 'R6': 0}","{'R0': 5479, 'R1': 5479, 'R2': 5479, 'R3': 5479, 'R4': 15, 'R5': 15, 'R6': 15}",,
13310700,0.6314759116724677,0.04860984364543408,TimingFailure,"{'R0': 0, 'R1': 38, 'R2': 0, 'R3': 0, 'R4': 5, 'R5': 0, 'R6': 0}","{'R0': 5479, 'R1': 5479, 'R2': 5479, 'R3': 5479, 'R4': 15, 'R5': 15, 'R6': 15}",,
13313000,0.7176898325074544,0.07950182080497832,TimingFailure,"{'R0': 0, 'R1': 1, 'R2': 0, 'R3': 126, 'R4': 8, 'R5': 0, 'R6': 0}","{'R0': 5479, 'R1': 5479, 'R2': 5479, 'R3': 5479, 'R4': 15, 'R5': 15, 'R6': 15}",,
13331500,0.8654276225718238,0.08371878775237053,TimingFailure,"{'R0': 0, 'R1': 1, 'R2': 0, 'R3': 653, 'R4': 7, 'R5': 0, 'R6': 0}","{'R0': 5479, 'R1': 5479, 'R2': 5479, 'R3': 5479, 'R4': 15, 'R5': 15, 'R6': 15}",,
13337000,0.9212456353703106,0.049887449047879784,TimingFailure,"{'R0': 0, 'R1': 2, 'R2': 0, 'R3': 85, 'R4': 5, 'R5': 0, 'R6': 0}","{'R0': 5479, 'R1': 5479, 'R2': 5479, 'R3': 5479, 'R4': 15, 'R5': 15, 'R6': 15}",,
13338500,0.7759422576525253,0.0790585699510686,TimingFailure,"{'R0': 0, 'R1': 3, 'R2': 0, 'R3': 107, 'R4': 8, 'R5': 0, 'R6': 0}","{'R0': 5479, 'R1': 5479, 'R2': 5479, 'R3': 5479, 'R4': 15, 'R5': 15, 'R6': 15}",,
13340000,0.9157807742004025,0.060349907438792275,TimingFailure,"{'R0': 0, 'R1': 58, 'R2': 1, 'R3': 64, 'R4': 6, 'R5': 0, 'R6': 0}","{'R0': 5479, 'R1': 5479, 'R2': 5479, 'R3': 5479, 'R4': 15, 'R5': 15, 'R6': 15}",,
13340600,0.9042124578678838,0.07898034921214334,TimingFailure,"{'R0': 0, 'R1': 4, 'R2': 0, 'R3': 103, 'R4': 8, 'R5': 0, 'R6': 0}","{'R0': 5479, 'R1': 5479, 'R2': 5479, 'R3': 5479, 'R4': 15, 'R5': 15, 'R6': 15}",,
14020000,0.8000966636646419,0.06578537967477556,TimingFailure,"{'R0': 137, 'R1': 459, 'R2': 181, 'R3': 285, 'R4': 4, 'R5': 0, 'R6': 0}","{'R0': 5479, 'R1': 5479, 'R2': 5479, 'R3': 5479, 'R4': 15, 'R5': 15, 'R6': 15}",,
14092750,0.3970574716209265,0.08662686100174692,TimingFailure,"{'R0': 0, 'R1': 22, 'R2': 0, 'R3': 13, 'R4': 9, 'R5': 0, 'R6': 0}","{'R0': 5479, 'R1': 5479, 'R2': 5479, 'R3': 5479, 'R4': 15, 'R5': 15, 'R6': 15}",,
14096850,0.7051519336965878,0.08886918885093734,TimingFailure,"{'R0': 0, 'R1': 25, 'R2': 0, 'R3': 96, 'R4': 9, 'R5': 0, 'R6': 0}","{'R0': 5479, 'R1': 5479, 'R2': 5479, 'R3': 5479, 'R4': 15, 'R5': 15, 'R6': 15}",,
14137000,0.8272482201255071,0.08088372052599102,TimingFailure,"{'R0': 0, 'R1': 10, 'R2': 0, 'R3': 170, 'R4': 6, 'R5': 1, 'R6': 1}","{'R0': 5479, 'R1': 5479, 'R2': 5479, 'R3': 5479, 'R4': 15, 'R5': 15, 'R6': 15}",,
14138800,0.7002665188280903,0.32012445788682325,BudgetScaleFailure,"{'R0': 0, 'R1': 81, 'R2': 0, 'R3': 1604, 'R4': 9, 'R5': 10, 'R6': 10}","{'R0': 5479, 'R1': 5479, 'R2': 5479, 'R3': 5479, 'R4': 15, 'R5': 15, 'R6': 15}",,
14138870,0.7502263744924339,0.26487975734188546,BudgetScaleFailure,"{'R0': 0, 'R1': 9, 'R2': 0, 'R3': 653, 'R4': 8, 'R5': 9, 'R6': 9}","{'R0': 5479, 'R1': 5479, 'R2': 5479, 'R3': 5479, 'R4': 15, 'R5': 15, 'R6': 15}",,
14138900,0.7314367243638404,0.09834085121546336,TimingFailure,"{'R0': 0, 'R1': 55, 'R2': 0, 'R3': 64, 'R4': 6, 'R5': 2, 'R6': 2}","{'R0': 5479, 'R1': 5479, 'R2': 5479, 'R3': 5479, 'R4': 15, 'R5': 15, 'R6': 15}",,
14139800,0.7388314179874536,0.09045967720908403,TimingFailure,"{'R0': 0, 'R1': 6, 'R2': 0, 'R3': 176, 'R4': 9, 'R5': 0, 'R6': 0}","{'R0': 5479, 'R1': 5479, 'R2': 5479, 'R3': 5479, 'R4': 15, 'R5': 15, 'R6': 15}",,
14141500,0.8067808498462214,0.06927402463084156,TimingFailure,"{'R0': 0, 'R1': 4, 'R2': 0, 'R3': 96, 'R4': 7, 'R5': 0, 'R6': 0}","{'R0': 5479, 'R1': 5479, 'R2': 5479, 'R3': 5479, 'R4': 15, 'R5': 15, 'R6': 15}",,
14154500,0.9077179193393281,0.041589097767232464,TimingFailure,"{'R0': 0, 'R1': 15, 'R2': 0, 'R3': 119, 'R4': 4, 'R5': 0, 'R6': 0}","{'R0': 5479, 'R1': 5479, 'R2': 5479, 'R3': 5479, 'R4': 15, 'R5': 15, 'R6': 15}",,
14158500,0.7046271491072154,0.09685465717588368,TimingFailure,"{'R0': 0, 'R1': 45, 'R2': 0, 'R3': 17, 'R4': 10, 'R5': 0, 'R6': 0}","{'R0': 5479, 'R1': 5479, 'R2': 5479, 'R3': 5479, 'R4': 15, 'R5': 15, 'R6': 15}",,
14158790,0.7842392932565821,0.09570046671707558,TimingFailure,"{'R0': 1, 'R1': 21, 'R2': 1, 'R3': 360, 'R4': 9, 'R5': 0, 'R6': 0}","{'R0': 5479, 'R1': 5479, 'R2': 5479, 'R3': 5479, 'R4': 15, 'R5': 15, 'R6': 15}",,
14166500,0.639981354923804,0.11135678217262449,TimingFailure,"{'R0': 16, 'R1': 414, 'R2': 10, 'R3': 1274, 'R4': 7, 'R5': 0, 'R6': 0}","{'R0': 5479, 'R1': 5479, 'R2': 5479, 'R3': 5479, 'R4': 15, 'R5': 15, 'R6': 15}",,
14182500,0.6653740392325824,0.07822421540253262,TimingFailure,"{'R0': 0, 'R1': 15, 'R2': 0, 'R3': 63, 'R4': 8, 'R5': 0, 'R6': 0}","{'R0': 5479, 'R1': 5479, 'R2': 5479, 'R3': 5479, 'R4': 15, 'R5': 15, 'R6': 15}",,
14185000,0.8945744284801822,0.08023188103494729,TimingFailure,"{'R0': 0, 'R1': 4, 'R2': 0, 'R3': 151, 'R4': 8, 'R5': 0, 'R6': 0}","{'R0': 5479, 'R1': 5479, 'R2': 5479, 'R3': 5479, 'R4': 15, 'R5': 15, 'R6': 15}",,
14185900,0.8513692160330817,0.11263612581371296,TimingFailure,"{'R0': 2, 'R1': 11, 'R2': 0, 'R3': 289, 'R4': 7, 'R5': 2, 'R6': 2}","{'R0': 5479, 'R1': 5479, 'R2': 5479, 'R3': 5479, 'R4': 15, 'R5': 15, 'R6': 15}",,
14187000,0.8441033918265977,0.06861523218522671,TimingFailure,"{'R0': 0, 'R1': 18, 'R2': 0, 'R3': 422, 'R4': 6, 'R5': 0, 'R6': 0}","{'R0': 5479, 'R1': 5479, 'R2': 5479, 'R3': 5479, 'R4': 15, 'R5': 15, 'R6': 15}",,
14216500,0.8348985481554372,0.10984625279204582,BudgetScaleFailure,"{'R0': 0, 'R1': 17, 'R2': 0, 'R3': 178, 'R4': 5, 'R5': 3, 'R6': 3}","{'R0': 5479, 'R1': 5479, 'R2': 5479, 'R3': 5479, 'R4': 15, 'R5': 15, 'R6': 15}",,
14222500,0.7839671209264861,0.07464518203704186,TimingFailure,"{'R0': 0, 'R1': 7, 'R2': 0, 'R3': 299, 'R4': 7, 'R5': 0, 'R6': 0}","{'R0': 5479, 'R1': 5479, 'R2': 5479, 'R3': 5479, 'R4': 15, 'R5': 15, 'R6': 15}",,
14236200,0.7047505209599585,0.11566761400672698,TimingFailure,"{'R0': 0, 'R1': 32, 'R2': 0, 'R3': 21, 'R4': 8, 'R5': 2, 'R6': 2}","{'R0': 5479, 'R1': 5479, 'R2': 5479, 'R3': 5479, 'R4': 15, 'R5': 15, 'R6': 15}",,
14301000,0.8680975273987737,0.05864121885293632,TimingFailure,"{'R0': 1, 'R1': 32, 'R2': 0, 'R3': 755, 'R4': 4, 'R5': 0, 'R6': 0}","{'R0': 5479, 'R1': 5479, 'R2': 5479, 'R3': 5479, 'R4': 15, 'R5': 15, 'R6': 15}",,
14303200,0.7942141962701397,0.07821726244796148,TimingFailure,"{'R0': 0, 'R1': 8, 'R2': 0, 'R3': 435, 'R4': 7, 'R5': 0, 'R6': 0}","{'R0': 5479, 'R1': 5479, 'R2': 5479, 'R3': 5479, 'R4': 15, 'R5': 15, 'R6': 15}",,
14305500,0.8036459251811905,0.049470271773611796,TimingFailure,"{'R0': 0, 'R1': 8, 'R2': 0, 'R3': 63, 'R4': 5, 'R5': 0, 'R6': 0}","{'R0': 5479, 'R1': 5479, 'R2': 5479, 'R3': 5479, 'R4': 15, 'R5': 15, 'R6': 15}",,
14306340,0.644286801064238,0.1068460528946019,TimingFailure,"{'R0': 0, 'R1': 97, 'R2': 0, 'R3': 1444, 'R4': 7, 'R5': 0, 'R6': 0}","{'R0': 5479, 'R1': 5479, 'R2': 5479, 'R3': 5479, 'R4': 15, 'R5': 15, 'R6': 15}",,
14306500,0.7144516523387857,0.07010837917937754,TimingFailure,"{'R0': 0, 'R1': 12, 'R2': 0, 'R3': 120, 'R4': 7, 'R5': 0, 'R6': 0}","{'R0': 5479, 'R1': 5479, 'R2': 5479, 'R3': 5479, 'R4': 15, 'R5': 15, 'R6': 15}",,
14308990,0.7535292534738238,0.21347308772021312,MagnitudeFailure,"{'R0': 1454, 'R1': 1950, 'R2': 907, 'R3': 2050, 'R4': 5, 'R5': 0, 'R6': 0}","{'R0': 5479, 'R1': 5479, 'R2': 5479, 'R3': 5479, 'R4': 15, 'R5': 15, 'R6': 15}",,
14309500,0.775896159907882,0.06114428249854422,TimingFailure,"{'R0': 2, 'R1': 16, 'R2': 0, 'R3': 866, 'R4': 4, 'R5': 0, 'R6': 0}","{'R0': 5479, 'R1': 5479, 'R2': 5479, 'R3': 5479, 'R4': 15, 'R5': 15, 'R6': 15}",,
14316700,0.8915341344543746,0.06989979054224355,TimingFailure,"{'R0': 0, 'R1': 17, 'R2': 0, 'R3': 107, 'R4': 7, 'R5': 0, 'R6': 0}","{'R0': 5479, 'R1': 5479, 'R2': 5479, 'R3': 5479, 'R4': 15, 'R5': 15, 'R6': 15}",,
14325000,0.8605568283288811,0.09872326371687569,MagnitudeFailure,"{'R0': 0, 'R1': 49, 'R2': 0, 'R3': 1911, 'R4': 5, 'R5': 0, 'R6': 0}","{'R0': 5479, 'R1': 5479, 'R2': 5479, 'R3': 5479, 'R4': 15, 'R5': 15, 'R6': 15}",,
14362250,0.5736727262717316,0.32279825613736446,MagnitudeFailure,"{'R0': 2588, 'R1': 2514, 'R2': 1527, 'R3': 2481, 'R4': 7, 'R5': 0, 'R6': 1}","{'R0': 5479, 'R1': 5122, 'R2': 5479, 'R3': 5122, 'R4': 15, 'R5': 15, 'R6': 15}",,
14400000,0.6866086889963854,0.04957456609217879,TimingFailure,"{'R0': 0, 'R1': 20, 'R2': 0, 'R3': 55, 'R4': 5, 'R5': 0, 'R6': 0}","{'R0': 5479, 'R1': 5479, 'R2': 5479, 'R3': 5479, 'R4': 15, 'R5': 15, 'R6': 15}",,
